Fp1_theta,AF3_theta,F3_theta,F7_theta,FC5_theta,FC1_theta,C3_theta,T7_theta,CP5_theta,CP1_theta,P3_theta,P7_theta,PO3_theta,O1_theta,Oz_theta,Pz_theta,Fp2_theta,AF4_theta,Fz_theta,F4_theta,F8_theta,FC6_theta,FC2_theta,Cz_theta,C4_theta,T8_theta,CP6_theta,CP2_theta,P4_theta,P8_theta,PO4_theta,O2_theta,Fp1_alpha,AF3_alpha,F3_alpha,F7_alpha,FC5_alpha,FC1_alpha,C3_alpha,T7_alpha,CP5_alpha,CP1_alpha,P3_alpha,P7_alpha,PO3_alpha,O1_alpha,Oz_alpha,Pz_alpha,Fp2_alpha,AF4_alpha,Fz_alpha,F4_alpha,F8_alpha,FC6_alpha,FC2_alpha,Cz_alpha,C4_alpha,T8_alpha,CP6_alpha,CP2_alpha,P4_alpha,P8_alpha,PO4_alpha,O2_alpha,Fp1_beta,AF3_beta,F3_beta,F7_beta,FC5_beta,FC1_beta,C3_beta,T7_beta,CP5_beta,CP1_beta,P3_beta,P7_beta,PO3_beta,O1_beta,Oz_beta,Pz_beta,Fp2_beta,AF4_beta,Fz_beta,F4_beta,F8_beta,FC6_beta,FC2_beta,Cz_beta,C4_beta,T8_beta,CP6_beta,CP2_beta,P4_beta,P8_beta,PO4_beta,O2_beta,Fp1_gamma,AF3_gamma,F3_gamma,F7_gamma,FC5_gamma,FC1_gamma,C3_gamma,T7_gamma,CP5_gamma,CP1_gamma,P3_gamma,P7_gamma,PO3_gamma,O1_gamma,Oz_gamma,Pz_gamma,Fp2_gamma,AF4_gamma,Fz_gamma,F4_gamma,F8_gamma,FC6_gamma,FC2_gamma,Cz_gamma,C4_gamma,T8_gamma,CP6_gamma,CP2_gamma,P4_gamma,P8_gamma,PO4_gamma,O2_gamma
0.556064423480801,0.5586603005506583,0.4312709801955376,0.5868304513580406,0.5031568019489449,0.2932788268513355,0.4570544659189085,0.2712376626449374,0.4963486229452039,0.2555079560524983,0.21088343427505554,0.4131563154876152,0.17263905422807338,0.21406601185842006,0.6604461404703176,0.6986554450510308,0.4301714701267171,0.43834355389689733,0.1664348598234461,0.46503659743183445,0.5659133268883652,0.4884760519600308,0.19269821259393718,0.4653863089106337,0.5593848506662875,0.6820673476544354,0.32727551102758384,0.2557023871929958,0.5102085705988534,0.22576016657410386,0.6383738576804603,0.4848235026630433,0.521552070589861,0.748032375864007,0.5173966365190953,0.5453376406941132,0.38484803454729316,0.436901054457291,0.47457595474089515,0.3319882246177838,0.5035518658600746,0.3981305992135649,0.2564823261858187,0.4278870424548257,0.18421909242919976,0.2572951559789899,0.5788902828261202,0.7375196150533889,0.40709873439590394,0.491953877497488,0.20292551271046888,0.34339066394437545,0.5084794371248957,0.5114490949533692,0.17868020435924853,0.4253720240790817,0.536841523295289,0.7011749682451329,0.3527393324128803,0.2837120096287175,0.45447453648980696,0.24937102667328037,0.5405439453333013,0.4660809759917368,0.30353720775234216,0.38576471789979216,0.3806990449913241,0.3168181397225148,0.34575151565712514,0.46201927826993794,0.302002638301544,0.36622212600618226,0.32018053463107465,0.559185160511843,0.2010252567009816,0.24123107014836775,0.2312637361966301,0.3379926410622549,0.30921186107610443,0.3612258495076486,0.30725886088741927,0.35030241059389855,0.26378979378082534,0.19870008933675007,0.3002147234266946,0.3409788292979563,0.30581242159012256,0.31223893316978635,0.39283187042752493,0.4536366403016586,0.5827045803184406,0.47348017222979066,0.3297971637887498,0.1410190677009866,0.2784757667061012,0.3217915543187635,0.12825084468111497,0.1555363747368006,0.2829533690570848,0.2842996060580359,0.3681988902470213,0.3060485661863867,0.22653392616291698,0.29013250207657615,0.24069063929779377,0.26044109918489344,0.3347657873242822,0.1789346851764428,0.36318508987467435,0.14278617620617795,0.15656073135338472,0.194067734192884,0.16721803007620312,0.2027469982857943,0.19437334222457464,0.1807205359322792,0.19217737270970978,0.3249784488839839,0.20619654883912075,0.17293799692861686,0.360810297900118,0.46487282921198647,0.3625353761582852,0.2707622867646589,0.20848792407000263,0.2149026073631118,0.16938401045782134,0.20794166169659556
0.4088597109867545,0.11393818038495973,0.3294295325500564,0.41635470303542366,0.7773910845485946,0.0790304474654085,0.5472719232468286,0.3017527468873906,0.5029349558122234,0.0,0.0,0.24463589582555922,0.0,0.0,0.5480937299483767,0.5311097599811845,0.3621050214806155,0.3214859985445648,0.09617080925916219,0.5805621902800826,0.5455444787491475,0.2929479917854057,0.0,0.4058282697720714,0.5705922714169265,0.4814063576129392,0.06833305998984923,0.0,0.5228620347958947,0.1261359722931626,0.6608603392424515,0.6646841616943174,0.4110888290385747,0.3761753642389204,0.5864676773218679,0.46904683356424426,0.7570951720830883,0.32322871066767056,0.6595523554354805,0.4834557000792126,0.640861211659224,0.0,0.032952330909722494,0.4218157193955726,0.0,0.0,0.5098236216762555,0.5355570677650734,0.4170662472254153,0.3930847361859261,0.2179017980256357,0.6135421630308914,0.661880764382666,0.5283464809132321,0.0,0.4220271887238266,0.6764723993802699,0.8469760513199129,0.16239513302639164,0.0020518194554421942,0.5622608396692332,0.315999658760277,0.6269610248304279,0.6401578486550927,0.6689300846131583,0.4877271268386566,0.8688319466870181,0.7076764593189047,0.935312650802355,0.7578919997342208,0.8680801994306426,0.9181176361165098,0.9162724414000638,0.16430165620162396,0.3752985226281391,0.6366036180577754,0.278695788618446,0.0,0.8824642116063487,0.910389520675303,0.8857559666775313,0.9358826109720024,0.8690359855550203,0.6580508917366709,0.9238722678877862,0.67345440031014,0.34505208491840267,0.9120054894095644,0.8308716082476806,0.8491612138271591,0.9330738273043137,0.2989620058587591,0.8812923054404234,0.7927388949634311,0.8624882179954242,0.8430529931004809,0.7563576994057595,0.5718686124005313,0.7584115992343265,0.778238879631473,0.9197255986802787,0.8661885655587416,0.887220721574127,0.9483770599480619,0.9125116581928253,0.28221194713677544,0.9707704872296531,0.9341983116511121,0.9616966582208416,0.13507337878770598,0.9563738443435569,0.9180241990312845,0.9374578452275599,0.8081239870187513,0.9458041933953178,0.615765986326448,0.9022755333456559,0.7173065340946525,0.4349990949806345,0.94408035401565,0.9016212055948041,0.8336122686639926,1.0,0.38757095847739004,0.9378791518039404,0.9161361322964268,0.9388754452897108,0.8462024830089757
0.2944768501258566,0.4982479303005738,0.36289393521210195,0.3471856322395911,0.5372216840624456,0.1595430395439189,0.347613809456621,0.2964451474170603,0.3606717065347135,0.13023558571947866,0.09707739484191177,0.20149358552539176,0.09190938055169393,0.11811150123202402,0.31991704004913435,0.3229816090974682,0.23090635050910993,0.19632150372635604,0.13268328849142044,0.23068598850024824,0.3120605673440288,0.34253854466079176,0.11836360167780383,0.2624601751790697,0.38006567292464394,0.46876547253658213,0.09915467956807039,0.09563647206166415,0.31964027939575557,0.15547370579401926,0.3891337759086206,0.4041577473370026,0.27830123820655606,0.36663757669633423,0.3730772460494568,0.25572270217846105,0.4078152855350358,0.2200673939239649,0.3853511684335917,0.39030043066004066,0.41850775910703036,0.0820986152881733,0.07943942262010772,0.2514626057884771,0.04937623521786627,0.08326245024021178,0.25800539347202966,0.24195128283371714,0.2766099914410559,0.193309258034559,0.1731116458420755,0.13836081119154348,0.37472474188644866,0.4095059443331368,0.05536277349059354,0.2784450818929308,0.4682984667347185,0.5907238024724539,0.09053826194340325,0.03261865460893432,0.3683688245794484,0.2156878695709653,0.33798472186708495,0.34264051576441035,0.4887528389579332,0.23210617174242143,0.26100217373867873,0.2975090983404671,0.3553650893087277,0.32350595696382833,0.3561119135196698,0.48973483735073237,0.41143184515590414,0.137621088501227,0.08578781095865118,0.2577076143469552,0.10990052390165994,0.2194995407451532,0.3779580717508294,0.28883296040413486,0.3964032715119721,0.24436962937695395,0.29010330548340324,0.17650435340149093,0.36331529183271777,0.3748557652222563,0.11588691711076082,0.35096958743235795,0.4336358755444795,0.5229526871715279,0.32428097077532547,0.1281070846214839,0.4029479105426669,0.3194861923200676,0.32309513145417046,0.5859402050679416,0.5865553746133714,0.3537106555336451,0.2700951978150181,0.3661489033005379,0.37131979650292596,0.29368274925283083,0.36529540165266183,0.4908566226765733,0.4134175671121175,0.21302429999306227,0.43152043172649057,0.4048063155775072,0.46519815956493604,0.33510539998309774,0.4480530719182796,0.3708987218103802,0.39006315819948584,0.25582208757798336,0.36207062153831887,0.1811463327766153,0.3577637662814098,0.4172002966488227,0.18546342896619528,0.3802935040724478,0.45975973436323214,0.5482089563904655,0.4542413533891578,0.2422048717239827,0.39697479034756367,0.3805457157246525,0.3801006972430623,0.5915462028017503
0.41710371029456045,0.21219712245679956,0.21179994143006992,0.36484644491317486,0.2738326270659813,0.16260019968428735,0.42479859158258937,0.3016357713391572,0.41750387599200944,0.1351894937778341,0.062166049022925524,0.21675192661302323,0.059411042613706694,0.06588505819009169,0.39150261646798745,0.5340855818087605,0.3102838475490134,0.2659771895799001,0.1282865911092089,0.24508986728823834,0.41646117767567953,0.25308215054523914,0.1270676282806661,0.3705711395791951,0.5220844095835961,0.4734310953350889,0.1364720021480404,0.1178877585517917,0.4636987081367856,0.11653479200561018,0.47384315032959484,0.5741556292171436,0.5133664796672573,0.289533039985432,0.2803324956821408,0.3682674284115709,0.2178733623313655,0.23919815541777978,0.5342417821758394,0.4835383028809966,0.5361607868922027,0.17813792773489528,0.08226123492345894,0.3028483475923235,0.061196615191883796,0.08261269432915597,0.4312002604957408,0.6085583812519584,0.41366750055321744,0.2939611666591555,0.27646368737256466,0.14197596127557088,0.5041118067827877,0.28101543537655116,0.14371116802871237,0.47119577626459863,0.6105415640923371,0.569409648249058,0.1907109056524081,0.1441602178064313,0.5294452402734474,0.17923075083410878,0.4714404711612411,0.39773754206080203,0.9132036339518157,0.34082796878158794,0.3142892532752678,0.3888896041073354,0.32140291454353537,0.34081932016724636,0.47167270940751466,0.6244137904188893,0.5799720465291407,0.2941317660783478,0.3445335451014033,0.6171778520449918,0.36141676291601144,0.4109849624605899,0.6378928609680062,0.5997210412883935,0.6801239048267528,0.4261279405727576,0.6258279505667608,0.13630237354682587,0.5188150575675423,0.31299336139156664,0.27326218979878414,0.6083166424876547,0.4850335733168171,0.5173112148349479,0.596827940212931,0.31123780907441445,0.6060898541536913,0.5156292475723874,0.5670404210472338,0.6823527787508545,1.0,0.435070927330955,0.33039802470545093,0.3783295864017791,0.36413191930052885,0.35885272059478607,0.4948286217599076,0.6961611954564604,0.6225760214649464,0.26746682708417735,0.8493368772759767,0.8772647961873696,0.8763278089909389,0.45024130821466013,0.7332295763222064,0.681261589661871,0.730941154790016,0.46275061824054003,0.7340445572425611,0.15419658571915662,0.5668946620246758,0.3483954420031614,0.235030503617205,0.6926007133461547,0.5628600467255706,0.604568953399066,0.7391464561187193,0.34194293387754043,0.6869227616773459,0.6734367673580961,0.6799524109140264,0.7330272547882503
0.3678999346361847,0.3753706725357987,0.35537601494642296,0.607324210949412,0.6134399043828219,0.07447252560806877,0.31207640967845085,0.20843291673598247,0.26434752237411097,0.15089681430457833,0.13629526384931387,0.5243577595100487,0.12869150939067034,0.15499760877756302,0.3721491834627424,0.5128763026304027,0.26064878374523914,0.33342999319372074,0.12564095283121715,0.4939232402400239,0.3822424293340975,0.4701536153190629,0.11106756579930208,0.27681354650094925,0.45209270556921105,0.6963959463891802,0.06346748457613322,0.11976709260720447,0.31514241249854524,0.17109424033514625,0.4705490048278453,0.48317567143811846,0.34953513543465,0.5442599022937405,0.5529356471969603,0.5540807433877873,0.5562838315071819,0.2626273721032103,0.4017603840337451,0.3647450003894222,0.402621791969254,0.1662346184911187,0.2365531594068545,0.7281662048584284,0.21064083349298468,0.2623381767847892,0.399630503605235,0.567767265924433,0.328560650062391,0.4378268358373715,0.19055666066662225,0.392859055956546,0.4951053436809385,0.693584228755457,0.13110314509575605,0.29563043240040443,0.5507881578403511,0.9783975389504447,0.07967833566682281,0.09901093411707129,0.40458261427797104,0.27871034772469117,0.43283478439556977,0.5481448787051713,0.3450413885282113,0.4102086030715223,0.4942046703480275,0.3717298716118054,0.49004994183895106,0.5001068307516334,0.422220748625769,0.44758010828312084,0.4272945419369427,0.37845774074867844,0.38395934343861704,0.544866011019798,0.4564347372553197,0.778813955811543,0.5886808699375877,0.5136105371089967,0.4586685235257696,0.4733485056707558,0.4195549183563436,0.349929608110381,0.4921988409210904,0.5421838549612051,0.4415010287844423,0.4471151275379188,0.5215578360527344,0.5980976637999751,0.4258307737965449,0.3427645392392574,0.4330122787334252,0.35584919264806336,0.45429610270995047,0.46598765462986247,0.30880914650457464,0.28950579780972974,0.31169600783624146,0.3418865613592339,0.46183469805276733,0.40363302577021903,0.3926757446598016,0.452022739906164,0.40843148080953184,0.33675917792665844,0.5276728047112099,0.40562861798715283,0.6201329862106068,0.6615943575815921,0.5594496235013667,0.40765457653245185,0.4063153952600464,0.36937191221365245,0.433459076053792,0.3005675092647342,0.41998223160797465,0.5370161519108614,0.39177738702004283,0.41156802667808867,0.5495193644250357,0.5339869270407706,0.5814882789189901,0.3892616510749947,0.4087172519883431,0.3570716963908325,0.38198205214462,0.34441606221799603
0.8004962612315594,0.34624992042181335,0.5922974363497073,0.8942674892958214,0.9015394989692295,0.14802645588982244,0.8447543486609592,0.6003310444579478,0.7615073619160648,0.10218487699865891,0.16372438407645543,0.5652282070096853,0.15144287711399926,0.10333074426268524,0.8637591850536882,0.9598181519438077,0.5892236000655995,0.501313492400189,0.2950797000866797,0.898538092856819,0.8495379324072276,0.7616839594971965,0.08558410456848681,0.606365249398926,0.911251585044595,0.7967700393193315,0.16440754057156293,0.08980732928693372,0.781758238109419,0.3728272882356885,1.0,0.9115610137407691,0.7686900799965476,0.5941456444562455,0.7203972068968331,1.0,1.0000000000000002,0.44918758188325947,0.9598839933203867,0.8738828823388107,0.9106431451109511,0.1681870635354536,0.2804262130656121,0.798353545276684,0.2508138163186273,0.20579476193026514,0.8032784377139737,0.969714781801482,0.6261311767518546,0.645891131886616,0.3884704393709685,0.8727256256225101,0.8649463367246847,1.0,0.16601868573454398,0.5400492062294819,1.0,1.0,0.2655556438337851,0.1079226285802507,0.787265077693256,0.47863020769878795,0.8674169728921471,0.935493004899772,1.0,0.9999999999999999,0.9491022450731611,1.0,0.916767331525925,0.9156792372372968,0.7836869092580347,0.8854512230060054,0.8020151305517784,0.5122750142768842,0.6731244468931961,0.7773740758485284,0.608388129739432,0.7696492757839033,0.8850427437947962,0.8872328019165072,0.8005210683557941,1.0,0.7073236681308137,0.7778728716857892,0.9321571449118671,1.0,0.7824322248474791,0.6358409032053942,1.0,1.0,0.8851246864586128,0.5112684394677586,0.6900323533702826,0.7595227529530943,0.7591048457450992,0.9246419010836497,0.6322778532159965,0.8937922068689922,0.7133779017553692,1.0,0.8738654811576932,0.8027062662374511,0.5816383647650136,0.6455356413629003,0.5692234541795567,0.36217128941749877,0.5366036516514893,0.4404196575357234,0.5781597787634308,0.6288227524788315,0.5399983969759345,0.36818886420787256,0.38611084917839594,0.5916894227955545,0.37401072735155855,0.7496109036770512,0.6338169405124027,1.0,0.6590094159627193,0.3346265817819797,0.8304516567529432,1.0,0.6281797785506986,0.3990026552676477,0.37715150309540524,0.5404309383336383,0.37261943897410543,0.6992080593603797
0.5928275911309449,0.20734525770303458,0.3659793962482662,0.43592025758094144,0.39527712622936495,0.20819274840952268,0.7141152459420772,0.4900051137359015,0.7593434823293598,0.10808444325875147,0.11294968172004746,0.27517196873687144,0.06927603234950971,0.07055752387516373,0.6033353151028037,0.7600818412092095,0.5029191314068738,0.4013195842756159,0.21043309723664302,0.3994357745744179,0.6814497220113023,0.25574079330605587,0.09379594058150226,0.533054225029758,0.6623792421050927,0.5446593335895034,0.25225560680417297,0.130220166353114,0.7316134623542634,0.19677534314278927,0.748360740485924,0.7984320903283176,0.6480544588243599,0.33368987287144314,0.5073320567370257,0.39408234761360006,0.3689821950149556,0.3113134254693758,0.7313967897210241,0.5754923137918182,0.8304200794055494,0.12292685536778719,0.1387115535799225,0.22936552716274272,0.07953166701911629,0.14775343923187179,0.6704272422614299,0.729921962102408,0.5400902857211731,0.44710892701197313,0.3315625983566296,0.34379394454536294,0.7225798400126994,0.361615734655654,0.08229120313057897,0.5124581736099652,0.7175198928589923,0.6485709748248705,0.3843652058952998,0.1416222746178068,0.7762824631358932,0.26188361572122154,0.6697997165311961,0.6128209339823674,0.6216946169824493,0.1383069077744017,0.3847634558433548,0.3363987241309382,0.42948051343216237,0.39575564889814085,0.5282816883202619,0.6995281872231689,0.7272069324885331,0.08689361001637463,0.31110896161783974,0.4649232103366989,0.21681294438866838,0.4790441409619226,0.796249188814211,0.7564419810446068,0.7408307038204519,0.6604119735781333,0.6746281991300145,0.3095068443254485,0.6619976662326696,0.4106982053213637,0.08511453346442344,0.7098733519972313,0.6343747249677216,0.6554314434798025,0.9356705946510463,0.24051801833379438,0.7759584841502658,0.5889291985706446,0.7205524096800117,0.45862959926750846,0.4936059330784171,0.1121789319232524,0.35589692948345614,0.3653837919546467,0.4748233498526191,0.33300726127387187,0.4970740218472003,0.7330657146417487,0.6420112739722591,0.0765121621575166,0.6073584677209739,0.7311183584673404,0.5883183088704439,0.44939241900788085,0.7366222748501635,0.6545573455474268,0.6392807523606328,0.5466472528172304,0.6070221763537662,0.27576493126586965,0.595509903235856,0.4444683206751631,0.08442317613380446,0.6567895746441587,0.6330677074037675,0.7289331213725558,0.6898462342714331,0.1691765580948737,0.6761662859560499,0.6047206342772751,0.6503651566710387,0.3779137839343226
0.39081361476260174,0.3925845133237176,0.4182363085399205,0.40641150390359393,0.37250118913179553,0.25038188271267375,0.31585963982410026,0.3212021648252932,0.34963652143443535,0.29274243812679157,0.2557400739483999,0.47531130529860954,0.2659179811776604,0.28196761742191384,0.39216558088211484,0.44373259726613745,0.31488560291540435,0.3303450735227686,0.32509184552175174,0.18170768383051267,0.35870936744986454,0.27138669967473045,0.32047447425310893,0.31865552151497856,0.4132127166373874,0.43033120335007974,0.22659840075381393,0.27720496554059604,0.3304325137449037,0.32986717593632536,0.4933118828196303,0.4304712451448993,0.3440531911579182,0.39306409030564116,0.3858037392015873,0.2886147182016253,0.22774194570249912,0.31351452362210974,0.3509378910028221,0.40615213373563425,0.39744489772266817,0.25023838193805875,0.24136327245235667,0.5784562565667838,0.25206752208039584,0.3133197653382256,0.3801694145272523,0.37601544391801855,0.3455052221562075,0.30900404806527937,0.3486181954476253,0.09769798700335697,0.37838931790841424,0.25765227838128635,0.29924028408087894,0.2500901587458715,0.45032076805160376,0.5149193799827567,0.2125886660195257,0.2477800318353966,0.32792642351295853,0.3071362104233414,0.3905431866509862,0.5317570126339881,0.7086711244852268,0.4133191370408412,0.26419172113085865,0.29638949373919343,0.24076999635015722,0.35432025330383277,0.33059418685505254,0.41484181409016657,0.3737575145222073,0.43767571147282824,0.4256398707180087,0.45108871748085555,0.46308382576385587,0.48674275031382663,0.46562090034497394,0.39143009165642484,0.501063055309689,0.29951945483430786,0.5211112144278565,0.06452665587509893,0.3274328335056083,0.2324175288466846,0.4967836243238155,0.3632979296923302,0.3480613982219149,0.3046871531316814,0.5048051434595401,0.41610620660687425,0.3950219445647539,0.4819424004533204,0.3962400188308547,0.7610718746408138,0.7763154056462325,0.4660914855578444,0.22229986581196587,0.35472688736820696,0.306711662874461,0.34832407661864334,0.34751572478254766,0.4140364084924872,0.38797409355282725,0.41982205692271346,0.7320326971004819,0.46171493402473557,0.800840329548932,0.47527561448389455,0.5254736017983342,0.4497057581217382,0.4950065316914208,0.2497837113562114,0.5420671628471969,0.0708167088517089,0.33480109104075495,0.24300390062102017,0.39827206076063437,0.4565173754543377,0.4044860621601356,0.27272457788108406,0.6741752107699326,0.4791155924337926,0.4641524771573853,0.6172785663290958,0.4729545485913912,0.8035436666961836
0.28924062877314877,0.37718831542673936,0.4049656542972198,0.455328196844505,0.9999999999999999,0.2628538378876785,0.4476682542911091,0.319413456721479,0.4158946990240272,0.1455400272070532,0.06499177926030494,0.18413133691386074,0.07542459090385265,0.10055674310017437,0.3664249561403681,0.44424455251401407,0.2315262550776335,0.17688366208577427,0.11952606479899128,1.0,0.44753092126050525,0.4882438814386863,0.17167842812644932,0.2813491004351968,0.5373449475664207,0.47416067209615403,0.1851381686255879,0.13943359661534316,0.37651291827680566,0.12491806289021962,0.44596035997676736,0.4262136104029818,0.2774923570045551,0.522187347195514,0.736450624240013,0.4555115033230742,0.8534327319298116,0.48859391986881173,0.6253606985372451,0.5440062137859223,0.5619536120357944,0.11815842663573056,0.06300754860902757,0.2602390780964815,0.0639846652687105,0.09863623303265479,0.3811187780400258,0.4033125563873159,0.30547976542423794,0.2971732042138533,0.2010436706981884,0.9999999999999999,0.5870698652743219,0.7638916469117316,0.18901359096945675,0.3230416619617189,0.7386238342711178,0.6954991467304568,0.2605977763976168,0.10433001128518993,0.47113381227214246,0.19886217547063312,0.4033753167037848,0.4779780816527328,0.47396657477727366,0.821706586110207,1.0,0.7980251509443117,1.0,0.9130827786007463,0.8464178711629309,0.7701048794805765,0.853077197448334,0.16633785492285202,0.2649361272466271,0.5001566428787891,0.2573259363159086,0.07603003225188054,0.6519222870339659,0.6471321865893715,0.6236043938871701,0.8289123102321503,0.6158708680551777,1.0,0.8768558158483928,0.9342591715704159,0.5676735672342155,0.6581347574815521,0.8804115011979246,0.7522923527588123,0.8071821222254313,0.17784356172047333,0.6991271339811655,0.6504928732007966,0.6280188956081484,0.9389747680019469,0.7644981480176614,0.9481971725733641,1.0,0.9227882345624057,1.0,1.0,1.0000000000000002,0.9418135483893277,0.9568457620726186,0.20264644870717446,0.9442425712869978,0.9606918014338588,0.9521107325027346,0.06356558440695392,0.925921884657308,0.9387051795101833,0.9077674315145057,1.0,0.9470023116537545,1.0,0.9999999999999999,0.91218130393278,0.504990334180877,0.928861114691612,1.0,0.8438779851041287,0.9322010504325289,0.2647193926448805,0.9549923525823019,0.9779085981980322,0.9376846825156657,0.9999999999999999
0.36917320711574847,0.0,0.16158560910071945,0.16928944135367507,0.02943160521099486,0.02261273442362194,0.37851739491186376,0.23620838539369127,0.38534394347002965,0.07323310271382824,0.044523956389682956,0.18383692183778388,0.04749959115035002,0.07053673897973492,0.39635873543007993,0.5023205626817067,0.2740399286768367,0.20203499262162805,0.11297846004374593,0.197953529313468,0.33370481824837345,0.08474545624962837,0.06907639132981933,0.30360164609016604,0.39554646210098093,0.17840812385612642,0.0900875322512254,0.057315329912805024,0.3900417491907252,0.08714843156686664,0.536768925301971,0.33370877465044846,0.33788678288705276,0.03876499139574974,0.1493437136198933,0.09714773502378327,0.04838373947824365,0.02787036925525721,0.4207300584903109,0.37273074285753444,0.44952178611662325,0.048856755727848034,0.11623274287052388,0.3412482717658417,0.07745784285362489,0.12267568477462554,0.3581737519584265,0.40926302617917387,0.36549449570197357,0.2750423683323252,0.20359495286977947,0.1483698521076175,0.4157118061659003,0.1252356000122562,0.050892113667918015,0.3658426535749103,0.43199908417680416,0.29748542212965523,0.09517441437610974,0.0,0.45778166907642737,0.16423249018451758,0.4503422351802001,0.2305642007081996,0.32146212536273544,0.03925457526185172,0.21158880857901408,0.1316668804967162,0.13741712697489727,0.07388735809223335,0.2844222092585772,0.4874391319990236,0.3446974048051682,0.03971724699247525,0.28014578079084695,0.4501968244324306,0.26281973428103633,0.6042490450883136,0.5297336378911061,0.425504592075743,0.49263222640473237,0.32762264316544565,0.45340055274218205,0.15642388460729736,0.40554097919553994,0.19337642184745585,0.04393108410753621,0.4528956943211222,0.3263484349797458,0.2805692087251468,0.3601666254484218,0.08262808078204609,0.45079690926119487,0.4404237178887205,0.4774515463503951,0.2696910374267978,0.352176326678673,0.08005967172427136,0.19511400889261338,0.17247454993422973,0.16926796725134144,0.06376597306322929,0.2963181894859982,0.48569831609962505,0.36032189844038387,0.17162807395350022,0.5929938231271284,0.5605235918274949,0.6715091626867656,0.7018367621519586,0.5362629827084417,0.4566239053721959,0.4443085022245274,0.3216086918249473,0.4972175959968727,0.1594581312476155,0.3669134548215406,0.21980647107644524,0.12915692072298235,0.46429878025622895,0.3718368981696567,0.2830661511058157,0.4908625181673197,0.23011340246196493,0.46106921963582415,0.500212266776723,0.4558511805584413,0.27063795738531615
0.4871425293341161,0.796521884697144,0.3638256273940787,0.6979284834976859,0.4589519268402309,0.1057408414372058,0.24797539275978428,0.19243730738379444,0.2866817019060963,0.2277517939781439,0.07503080428401035,0.4678961542941613,0.05586727149559054,0.09625993553287354,0.4217653530670076,0.7244520059847673,0.2591416756646594,0.3286038016660357,0.06531876242957421,0.3536441031540801,0.3267970815858204,0.30769008061942943,0.0787131822656141,0.4165851868322731,0.43234733083805504,0.4569434191592813,0.040618432504318513,0.10770813024747147,0.25429102589315766,0.16472986470998624,0.4834572698355944,0.3428661460144894,0.541980087997672,0.8562645246524109,0.3926477203879545,0.6505302908186276,0.3135027583077666,0.24276448016468022,0.324018597326087,0.24345044117398967,0.36975726294491346,0.45937531193711084,0.20222392134375688,0.6962353144269505,0.12881177093983676,0.2366449889670439,0.40942185210030635,0.7888661723499113,0.36054530670199936,0.5436731130734983,0.10928653706605118,0.25466452113060256,0.4329063588873876,0.4851960860328439,0.09865075276525104,0.49688587698130715,0.48053205419557626,0.6520623940897239,0.05629568606378066,0.19026496096483253,0.2918775685166728,0.22197939645401255,0.4079569396877639,0.2980505977221828,0.33787237553757743,0.5054654465162894,0.2514629022650926,0.2961094476914955,0.26555755863206976,0.39094783699793334,0.2395855627328516,0.2724128818066443,0.2795595462628456,0.8498181245064478,0.47986263618894,0.49765360086417476,0.4781248150801234,0.950115041307886,0.4313710546846944,0.4321029245375303,0.37720697872306796,0.47318416217124337,0.2567073047157231,0.0948711788277248,0.27183556728186226,0.3384840931129762,0.4608309866648044,0.3253227305326678,0.3180372912992058,0.3263451582752439,0.42846995110536035,0.6120742988634419,0.28148179833936715,0.25683496334016986,0.28499601275829656,0.4089918505660117,0.2699406863276203,0.28197061144070734,0.1833582462405972,0.2371941510584707,0.26565951172465485,0.2964370202703039,0.2470278304009144,0.32314062076150213,0.30338756612010437,0.4895875284400084,0.5945449399898267,0.31791847771794063,0.7134485160643184,0.9264828926285031,0.45946602642080314,0.3204325322718513,0.34828135119466336,0.2716422671735072,0.3857310150610877,0.07963945892980255,0.2695328659789745,0.3144740575314561,0.4085058145721997,0.3121150057870873,0.36591679138106803,0.3059797543887234,0.5676365976850106,0.5071993051871007,0.3053051075368516,0.33170510521168933,0.2924045613084476,0.31495847331118076
0.21238610955475584,0.20023630194946251,0.22759035553423185,0.21038926378172784,0.34074507432110057,0.04352308687964407,0.2387679057340942,0.22103545649128115,0.27190488661920287,0.17747307150642652,0.13351466616550825,0.3962947136217977,0.1406862985003194,0.16316918615843912,0.19305400348661061,0.3400283831481564,0.2282966355981456,0.29332868471222967,0.12954850405515891,0.32557902925141147,0.27744551632446784,0.31953499884264175,0.14644978508091053,0.25379037863544385,0.2772393565158621,0.3661000854333028,0.0805344100116146,0.1413559210979886,0.24563475730285586,0.10731050715462881,0.3304396188777052,0.18982018309652615,0.29995172324727415,0.5089197027879709,0.4454456642654182,0.27449629683215904,0.3390636012301715,0.2767792496798587,0.28601646936078845,0.34127316995501417,0.35236334171582145,0.21670986520752705,0.18410634572617224,0.7211345644779829,0.18567039620450387,0.2650525845281827,0.310164665711554,0.5171781988576971,0.24837338609119664,0.37378930326680326,0.2265057302103074,0.3264194183413498,0.33495317624935494,0.4064708751079429,0.19138855112252878,0.2874563504949751,0.3399644724579492,0.5713045736568556,0.06534246057901222,0.14045183332971356,0.25072042604398614,0.28590737188477233,0.40848662419786763,0.2347333561434235,0.24300919694446865,0.3722400940958416,0.2152761517826962,0.22971552577915721,0.2778873174409156,0.4358523273847079,0.19882201404163824,0.3173519114960219,0.25865794540456355,0.5654193256082491,0.3313518493473826,0.5183090131203514,0.457948187123973,0.9999999999999998,0.3237922037931661,0.35937077888411006,0.2598533282528208,0.4084721596346914,0.35943870555698787,0.2323387951828598,0.2501879991953278,0.3743574218433061,0.7915957296543621,0.37739144111764866,0.28825839379529367,0.2268884007485531,0.256514155045812,0.458737899459836,0.20103724785239818,0.3972754054392722,0.29766130588211726,0.15076909388052506,0.20705815100298458,0.28175305666757955,0.1764010061654271,0.25717136328460033,0.2846150991089796,0.3145220109013878,0.20317858816376652,0.2881266777933217,0.25754460841527677,0.6184742658681319,0.5874719723552432,0.27272072580345147,0.7505561624429021,0.97907315387136,0.31344421435707837,0.2573498731840327,0.26483841035142125,0.2866993182692243,0.37546702521718606,0.20342012601385573,0.26095007983230956,0.3765247481093714,0.6254062251172083,0.2549996638444386,0.31078129722932957,0.14893689790560546,0.6213619127118803,0.6391965860524509,0.22668602853801975,0.4014850090374494,0.22120128118851676,0.07789091943514825
0.44329976331263415,0.4170201739881296,0.46720660731995817,0.1505439521248363,0.22855080565083097,0.146542686892914,0.5241258540084756,0.43802070406267146,0.5700812749630337,0.1765403318978768,0.21674367511051304,0.422818953920437,0.19210752943379603,0.15065065086324964,0.41650538448860397,0.5806906913948094,0.46922540115671885,0.44051085866897094,0.3007533804999952,0.3035195820830132,0.5085407881727435,0.2707979474306657,0.16189861254303897,0.4882785298222858,0.6221236778258659,0.4556107398835539,0.1134333279638286,0.13138909890521672,0.602774148262506,0.3138632308980038,0.5814534149525568,0.6820135826252086,0.3360216437373187,0.4719473147515999,0.4111038157200092,0.11548708874739588,0.16548674487833742,0.23761122346282737,0.44196503726333686,0.43310106860917247,0.5015979202893865,0.15823638218489394,0.2278810535962429,0.6470575202134426,0.1996917193233031,0.1805455786505188,0.3370839527588072,0.5462956848078813,0.4370648741667841,0.4106972397803287,0.27978655137209807,0.22283648372440412,0.4957721507138745,0.2779489316730662,0.13746880451607674,0.38821875054394517,0.6030435127631779,0.38892900491162297,0.12207624363945496,0.10000145645750969,0.5533879514244161,0.3040150378352665,0.4713128790573239,0.40631760795385063,0.21172795854259763,0.18262977941374137,0.22870888438241144,0.13598191062119996,0.17255534400282857,0.13059261045968307,0.20762262062716458,0.2399001458210896,0.21981204879964156,0.05700810070816931,0.08975229598450807,0.3975399065234335,0.08280744368485982,0.17734755217006026,0.276352989187422,0.3872642334013201,0.292155451055631,0.23609294953748994,0.18571102058285494,0.1523711551938031,0.26402219184716597,0.2589366268804806,0.07911805044372477,0.23435931223888207,0.3242296444672586,0.24472344935751955,0.031222013905715884,0.020680582468445063,0.2870195474175151,0.11025294968357602,0.2822153262014425,0.18999894359102432,0.0,0.0,0.09536293705152127,0.11229005177325802,0.1988824007517724,0.0,0.10708529109871115,0.11764103746808108,0.10896137264923977,0.0,0.0,0.08660166334212321,0.0,0.0,0.12227714078013668,0.11082143398712221,0.06309442793251602,0.08309291510220024,0.0,0.16358445393216692,0.12773871347010965,0.2763360010422404,0.0,0.08155461169599401,0.26250158216569053,0.20023634002724647,0.0,0.0,0.09695330746323008,0.0,0.07561574287533732,0.10042945503259904
0.3378850522904166,0.6757268648046781,0.3718985597306536,0.3399086297500574,0.38231971738612414,0.04969921175625963,0.2179477750469392,0.2071443738534235,0.26659893285872405,0.15966256858760006,0.07015794056581129,0.4962788771906458,0.06841869884108884,0.10757044427643364,0.26477112439608175,0.4179015801976551,0.20207247510826612,0.28602547956187124,0.08468979788063455,0.3715038773922076,0.2659654427609563,0.37319300239369985,0.0990819682217686,0.2972500938656787,0.3779417551131072,0.45455454691879255,0.022349792027651083,0.10576357211948104,0.22616606197874536,0.1548013995559671,0.35954327236533395,0.36900277370890133,0.33344176968832906,0.8005232023242047,0.39517827138476214,0.33865980364630455,0.3393475500921394,0.18456718767744162,0.26549362706709484,0.3182122456682919,0.33439764556277435,0.2511216597837335,0.15931621274777064,0.6590766487615903,0.13733076828796165,0.21145128283161396,0.24262886721274268,0.4766474336951938,0.24119851150227078,0.3742381381038441,0.11322988299609349,0.2711699578941257,0.2723019645495234,0.4369126802362384,0.13779759638028904,0.3269726314822018,0.4631090388552887,0.5133965841967316,0.0,0.14929229506354397,0.27350742533754213,0.17633380430995027,0.2934951340091726,0.3816415203396102,0.15810810956440646,0.3132862490485234,0.1539455819730382,0.1410958635657481,0.20912254497974236,0.17090330812349186,0.17133067545551184,0.22631048946340043,0.17186211313919653,0.2844121554317547,0.10931381943996232,0.32653517463935056,0.18140752311485064,0.4834917603746136,0.26910723565496697,0.2453583855417898,0.2163701705080583,0.30595706110587506,0.07769999580253417,0.1875574117496077,0.21396443270052207,0.3136388352317065,0.17851530862038878,0.21336024085725924,0.31985894492307737,0.24779374328194115,0.0,0.19457353566915125,0.21538353418189615,0.007940872129650334,0.13706568751889303,0.28885005182135504,0.08272771260521683,0.09819752520975128,0.1024977912787094,0.12876958504501812,0.19703954493082879,0.07724659710607235,0.15101621522854292,0.18043875577246887,0.15590798226706037,0.19846233394517637,0.21451792687482418,0.11229991337941475,0.2635895002411579,0.335987518373424,0.26028245028800456,0.1649448168295671,0.140474937404156,0.14134230721144792,0.1381716535428033,0.16902380938220907,0.19200306437648915,0.29370162826107743,0.1730496144973439,0.17016762750776568,0.3210889017034726,0.19898933445980824,0.20539504453067287,0.2124484450678154,0.16847551917420564,0.08849566413540505,0.13653414577294867,0.1975715143796941
0.7136598328032806,0.25571033269756094,0.5678972486575375,0.8136812471888814,0.8941173402156245,0.1969682656845992,0.810108324597457,0.5282211875943472,0.7635075286798043,0.05691011945754004,0.10150383179597086,0.5202712635986756,0.10280072335526183,0.07800290798047346,0.7312669471874663,0.8157154375012189,0.527425421382028,0.4796736737461354,0.25091318419373776,0.7178880534113536,0.7320106977786194,0.4969394205578153,0.07723122765384285,0.5837189328368736,0.7691823707454875,0.7261409154927019,0.16618191068335858,0.06939471601169708,0.7296250212526522,0.2892958522421923,0.8582354828099459,0.9375292287962901,0.7993801248654483,0.5238206110350069,0.8808470830665825,0.9395354021256651,0.7976431255989835,0.4894378066022641,1.0000000000000002,0.836652819250806,0.9268900425146602,0.06650676771443254,0.1855422401374044,0.7483927182041484,0.18669789358316635,0.12503819350950596,0.8081402888292073,0.893753615801107,0.659658572194029,0.6511492508568771,0.43682551691915783,0.7669071596650444,0.8745550114479165,0.6601072265308625,0.12091296521226125,0.653367240512895,0.9761537462908472,0.8570521394837387,0.2680627991490326,0.052923057386802974,0.8650697678214544,0.5252336434772021,0.9211114540460482,0.9999999999999998,0.7899389616560146,0.612118954522027,0.9663966853043787,0.838076111191034,0.9167842537222488,1.0,1.0,1.0,1.0,0.2986442152579418,0.6638928601361698,0.8901044932658997,0.6562992483233254,0.2716170595813314,0.9999999999999999,1.0,1.0,0.9536726189421854,1.0,0.7477429681005708,1.0,0.673160701089621,0.5786750935304699,1.0,0.934042988227417,0.8100599812134994,1.0,0.3123518651703684,1.0,0.9999999999999998,1.0,1.0000000000000002,0.8151333924539013,0.5298043452138633,0.8053720527439399,0.8327951658735064,0.98098422442855,0.977713431610985,0.9766482332674532,1.0,0.9999999999999999,0.2280877805195095,0.9999659995972509,0.9665353553509475,0.9732687539288966,0.0702206419530993,0.9999999999999999,1.0,1.0,0.8329354056638509,1.0,0.7001899462777454,0.9450910764083525,0.7048866377715948,0.3975186838586632,1.0,0.972356765898996,0.8575590593205056,0.9939171117437351,0.3146315745333607,1.0,0.9236311874993728,1.0,0.8698907790989158
0.0,0.6235788440183916,0.17213625730939158,0.4126408087727117,0.6508115838330738,0.4948559625016356,0.027683419356735878,0.09577803369746468,0.0778463133436269,0.48862279996248725,0.36322863700010977,0.1731226294175735,0.3173971470489173,0.4237693992220122,0.0,0.0,0.04304067339146192,0.16264674705449006,0.20257372621491584,0.44631579627099716,0.004676160217981062,0.5332730491306932,0.5265989695119349,0.07740453200731628,0.1451970659875595,0.2588760411318604,0.38709186224058995,0.473192436356188,0.0,0.1470512843627116,0.0,0.0,0.013101387211661208,0.7343853679355857,0.19282817872599411,0.3070230968419495,0.5150073386991834,0.5404114387383515,0.09975663213805674,0.10096839649806161,0.17316736567621088,0.4827325226073092,0.3795828486520222,0.29772986671021584,0.24305202348094923,0.43662331528932063,0.0,0.0,0.0,0.12244765964955295,0.11871842544774125,0.41340096032639695,0.0,0.5762806802286393,0.5165195500627926,0.058680474973115904,0.2790605856875756,0.34786496646997556,0.3176336334841681,0.44577093076027147,0.013837481943294927,0.16901939886864048,0.0,0.019171447530916597,0.06573423750848739,0.3436968017728391,0.20229329382337502,0.28248128927174776,0.4881457006588193,0.4976106682930397,0.2002215933757917,0.25008969829899935,0.21654045228540775,1.0,0.4694047991526047,0.05849289361320387,0.32097289933038065,0.7832928499048168,0.06519084075755344,0.0,0.05917983480632161,0.21895582930967605,0.17459262658765862,0.3476865681575959,0.2099697723743083,0.4372123912805479,1.0000000000000002,0.061007882526833646,0.3321054742074076,0.4787431260957785,0.7510245785832029,0.9999999999999999,0.05567444982672681,0.25096703134497433,0.010608566852014722,0.04053115046389921,0.19088387534088685,0.4547451841900013,0.2485134119491379,0.38197828099018566,0.5095690925577314,0.5333213665870244,0.22651320304440478,0.28296758686113804,0.24190466623357892,1.0,0.7759538851831574,0.14520938536160882,0.9100459738847685,1.0,0.14725721274762604,0.12100375261126697,0.16316349932991198,0.36701654922910115,0.346155115682617,0.34119864886245854,0.2531137401204059,0.4940834734828526,1.0,0.10321869514884788,0.39167734104014507,0.5430253011408839,0.9468199098674546,1.0,0.11739119514285704,0.4545811025711349,0.09872064740420453,0.10617853319297865
1.0,1.0,1.0,1.0,0.6442906098290625,1.0,1.0,1.0,1.0,1.0000000000000002,1.0,0.9999999999999999,1.0000000000000002,1.0,1.0,0.9999999999999999,0.9999999999999999,1.0,1.0,0.6229899558181472,1.0,1.0,1.0,1.0,1.0,1.0,0.9999999999999998,0.9999999999999999,1.0,1.0,0.9904550796040492,0.9999999999999999,1.0,0.8838292283915256,1.0,0.6619354282829514,0.4145417983744781,1.0,0.9549222693743467,1.0,1.0,1.0000000000000002,1.0,1.0,1.0,1.0,1.0,1.0,0.9999999999999999,1.0,0.9999999999999999,0.38815252273608747,0.9999999999999999,0.7207288765220692,0.9999999999999998,1.0,0.9288864274022113,0.8942815820084569,1.0,0.9999999999999998,1.0,1.0,1.0,0.8529167447238579,0.840843006738863,0.4036801040868382,0.513515574183027,0.3364437579442273,0.3318966546260265,0.40807441870055405,0.5048148112123325,0.6774874054757059,0.5709863711213129,0.7195616922291543,1.0000000000000002,0.8828303519232121,1.0,0.9226975435413369,0.8405332192846325,0.8274459842591122,0.9501608794066397,0.8350386836917203,0.9875793058689379,0.23375513152701413,0.6530494865197602,0.3246459832069308,0.6044905445421891,0.9327899182570709,0.4620953216449479,0.3357771058492819,0.9734486467266751,0.7265365280737796,0.7754067653547809,0.8362290126100118,0.8582815373788012,0.5548162336511833,0.6632856611984088,0.25750386095919675,0.38198393183104445,0.31768905990701746,0.3310427151198195,0.2543671227701884,0.46556123494368395,0.6098671857970288,0.5123132765803823,0.153086874854496,0.7286368925595715,0.6970506706767028,0.742709863582005,0.24293920001119051,0.6701857198700788,0.6714507516114743,0.6880771262961061,0.5569160458766613,0.6679518576717303,0.2287830837972612,0.5305595136872887,0.31668381965792064,0.1033842072979152,0.6846169289083515,0.4554962780691503,0.2724459367187191,0.5859082860721829,0.2183825128714157,0.6717215910041231,0.5397959245545254,0.650301105400943,0.4871738302575829
0.19648082549116225,0.6252567328290883,0.3267792944944195,0.46535433999252607,0.7325980383898484,0.1333153059068884,0.1669459151153493,0.1215269958254585,0.14663422308297092,0.1978887309338673,0.12600061191665482,0.19145050650857787,0.10107299540606071,0.1366644127748491,0.09213680997661,0.2831047611821915,0.1453170123289125,0.29954383312106375,0.06776835658046401,0.7182990701045083,0.18852324140004634,0.5585840939660034,0.1465144657142939,0.19144539765934077,0.33322751719129656,0.4845429295249058,0.0392013674174394,0.12891546621618277,0.18485352403521835,0.1309289478039523,0.15529263580307162,0.440397768481277,0.18660879586462686,0.9294004436639384,0.6038138575172528,0.5617024976012585,0.6523398035041348,0.4478081091901748,0.30079879094225265,0.17097153546389293,0.2572100517744517,0.3074142984905421,0.19417352075893868,0.3533163722930094,0.14180164398974138,0.19702334645520958,0.09984212067642562,0.3214477049824649,0.1569055430114954,0.3975992173749804,0.04735887629560287,0.7166722634821955,0.228243749204195,0.8829862422725068,0.18254996679283048,0.23348270619896083,0.5155235639745464,0.6221891060043676,0.026506853696877664,0.14954024341083128,0.18889765340198905,0.20313105984183,0.16222102444084907,0.5327559914389144,0.44280189570068296,0.9429274786266805,0.7186698520067992,0.7683378160849295,0.7010916752131398,0.7735564212206594,0.4633569623490424,0.4404232484375334,0.37284909678625866,0.4817618622684974,0.20984648735519262,0.33229903505304237,0.27753291499349353,0.5528400014791279,0.33920790388957356,0.21101849684427965,0.19721395587487367,0.452838289255979,0.12328141661164616,0.5445020656003038,0.3761416484003421,0.704955867265794,0.5623486956079136,0.18789913326458785,0.5432925575540217,0.6887635093203754,0.3518032101888545,0.3478470197188218,0.2471595615738561,0.43408484779820267,0.23290458604569453,0.7592309810823403,0.5979287308371357,0.9999999999999999,0.6351503828790925,0.8736248564276157,0.7879904277480875,0.7385354891989706,0.4702087824585576,0.46887098235971475,0.42519903903962786,0.3892456975143779,0.4278479906445749,0.3441929332813047,0.5035565203592999,0.5168117266078236,0.37478889259019443,0.25200520609413224,0.2658888305129458,0.4230186588351032,0.2727253109654451,0.5285610884338744,0.409285693751932,0.7498742520065547,0.535357600565201,0.22150207821561244,0.6047748320815731,0.7813269140889132,0.5359391213351108,0.3942016843600638,0.2714179452735874,0.5162635509709856,0.2718402683791389,0.6734231859238634
0.7301356635820586,0.2275837201899119,0.4519524839192722,0.4151953735456878,0.44069016418966167,0.19054659480643515,0.8907607279388059,0.6152820110315245,0.8932085236676115,0.1345474236586446,0.15786173450723442,0.5614406067314294,0.1623039386438935,0.10608037855655494,0.7566860067974951,0.9167144951704801,0.6826490786434086,0.5446140802663473,0.32127464383916793,0.4974615414313235,0.8499700427502992,0.43030257641444253,0.1014630241174222,0.7435452815413699,0.8828025183496013,0.7113549859035473,0.23108265567069142,0.11875221883367099,0.9029639220485588,0.37976431007628847,0.9377426879227657,0.8266979601386325,0.6890817741986682,0.3367518572412308,0.554523762521809,0.3501542300954802,0.4059519966738218,0.38184041657654666,0.888705858315153,0.7761962488462386,0.967703710582593,0.18036274946990422,0.2554259660235284,0.6466716440899994,0.211338804438287,0.15554760073554885,0.7101865667724772,0.8451047956161302,0.7194060278756244,0.5650090902251966,0.4757010772804622,0.31526474483255296,0.8693909963447642,0.5659894900253446,0.10372559170389883,0.7351128737994095,0.8973749376121056,0.7813473755965084,0.3744116459208347,0.14295888011146807,0.8735517814712196,0.4751660579499376,0.85013916814301,0.536512467537106,0.6106450695874714,0.1631351837240268,0.36337224962873094,0.3801433254098169,0.4798887802313993,0.38785780381935053,0.5910764241143103,0.827422376813838,0.8107541038819577,0.15616721253939914,0.3012215193273142,1.0,0.3115118283722218,0.5772179216178182,0.8086968056026888,0.7587615604051061,0.7749715286547846,0.5328839168271742,0.6791468789660204,0.25613648859163984,0.6587618850660169,0.46137682104429034,0.0664491638564284,0.7460233654379249,0.6304302940638586,0.8412209579713972,0.8673539087739642,0.19595045433406122,0.7397158455785973,0.6956732308014419,0.7349000440583405,0.37799542535702657,0.4181706487939411,0.08735422985989688,0.2999167975789558,0.3993151272227711,0.5218498420595137,0.28974056869034076,0.4778466881840542,0.7760592552540131,0.693209388053693,0.04460456652373451,0.420348636271346,0.9999999999999998,0.41922371794850266,0.40358247361212074,0.6498224016765625,0.5616624003631836,0.5284308601904644,0.3839589319967838,0.48004558223865906,0.2526897296811464,0.5208450770379093,0.4794562692583168,0.04111878875142161,0.5589244491060321,0.6137432130290151,0.8553643779006963,0.6086162056984403,0.10768412310036635,0.5855091566990125,0.5531724291717548,0.5509728191495018,0.33396698207231734
0.29758426804782895,0.17843831034077395,0.17140165207122599,0.15457890402023644,0.2110248184071828,0.03324727986442727,0.31972336265250334,0.19624761866967788,0.2872724083170174,0.13718066632285192,0.11529135935358711,0.22723389652062442,0.08812794931292697,0.07683020609381519,0.21940634183154262,0.4200227265403005,0.253069772336993,0.27753887528339644,0.0913467750624459,0.267027295166568,0.3114564241022502,0.21978510764282094,0.05944865217536649,0.32567014391521876,0.324204352107388,0.3452196367285884,0.03688532776962819,0.062033952487239585,0.31743012744429844,0.12185322185044906,0.3763951317545711,0.35410715054121245,0.3122915884275107,0.3104307208350344,0.1956990330387537,0.16892626807551359,0.16739163438291987,0.10520059898441547,0.37107107389705435,0.34260159491905,0.42053057268441246,0.24231544233550034,0.15591108546822952,0.28171217630169576,0.08131663045578086,0.11608816151174872,0.2765356545862463,0.4333055333030058,0.2818767587590998,0.29815883472568905,0.14616991722472938,0.21481653055678074,0.35005744310023523,0.24121663623761747,0.02615949888935515,0.3650933514015212,0.3702482181284625,0.41096998005808616,0.04700361003831843,0.03105385364327562,0.31876784598133534,0.20152598427366264,0.3484471821069861,0.2196852981377162,0.3311943466028835,0.1049072656135388,0.2037728736384411,0.2387956258608539,0.25799190618645573,0.12652366721010977,0.32749218231903915,0.5798075693285483,0.4905308272537384,0.17896251944948416,0.19284229491439664,0.4559047145946875,0.12519479694419267,0.5826372970142164,0.6303876485087226,0.47972660389217614,0.4354953108772317,0.28526623733202516,0.39224095579498464,0.1729910991883222,0.39474389567836693,0.24239428159805865,0.0,0.5013366758734341,0.39361792246011634,0.368457152067334,0.4222347159483254,0.08038586613456322,0.4532569274743924,0.45569524046699716,0.4945620215120502,0.2900556192342161,0.4079043133392965,0.07946210554979632,0.22879650789628664,0.25217407093130595,0.26089321926744835,0.11496590689714908,0.3720730644022585,0.6057799965515775,0.5032157809143248,0.1191543210574792,0.5603000700688857,0.6577384310351175,0.587932771096099,0.6712217858219962,0.6653231677691543,0.5408805894171026,0.5026709648396928,0.37153811365507633,0.5264112365751068,0.19355505384892396,0.4328161943618337,0.2597682956706027,0.07533783092509705,0.550278491480417,0.4522849503118078,0.4511650617465832,0.5372987398978388,0.17581082075768462,0.5444143458015033,0.5442883513248076,0.5443333166749219,0.32903147012697764
0.020119564587895156,0.2698828464194618,0.07289005777716945,0.11015334815940947,0.09675105323942546,0.17344713639644072,0.0,0.0014814429480797253,0.0,0.2291998090070864,0.15916173140778664,0.2262826090531589,0.12009583176515129,0.20124338623503146,0.004243429152056721,0.08142025762816896,0.05439980851714074,0.19068339476503565,0.031383700078629756,0.19357033627250886,0.05954221337870169,0.26743045972242013,0.19834927170972058,0.09532781145465308,0.07303764905165033,0.24179816740440713,0.10801153003907416,0.1841431251655099,0.039803250635400717,0.01765355932737045,0.04944810063647265,0.16449835195050067,0.0,0.2460403928488465,0.03176823493321479,0.07612201577810618,0.06667863934366908,0.15988311761675855,0.0,0.025176051603962024,0.0,0.19338204285494293,0.16359673392521645,0.2848035288670908,0.08110369044438681,0.23602240618028048,0.016906174839748322,0.04937351979911331,0.02737473668180096,0.11116786147201607,0.0,0.058853961407770494,0.04146864737642142,0.19399517286612733,0.1613531691990761,0.09094883969830225,0.09534515449778042,0.22671447386241805,0.056175557326699266,0.13116980420942015,0.0,0.03960657768492859,0.0024927680854119894,0.0,0.012286773196801715,0.0,0.0,0.0,0.04763215784061978,0.0,0.05600591324144272,0.1692552918162245,0.07226601696045659,0.2412452844834756,0.1373244805438747,0.18747624428581755,0.12688076309008856,0.6439255604737808,0.1819312087046817,0.0603904283492771,0.0660615746241825,0.06356379740458595,0.05797300508668457,0.047790060224898484,0.040843514144644544,0.13630644163384675,0.11379099802120707,0.10994928530732573,0.09831155253110246,0.08251768255351444,0.15681056406029592,0.20681359312267344,0.10365126652410156,0.12179290950655508,0.03208918099303193,0.1620973134930841,0.17300124375244397,0.04144229387574394,0.05207081996216556,0.03595209243829106,0.05600585424558902,0.018819218168580065,0.13849761255338958,0.2246922231485345,0.17395466129001658,0.28872012153534665,0.5072710992362831,0.2812643321897042,0.5772356219852194,0.6846792005557474,0.2789477838512504,0.23540269635900948,0.2228632827247657,0.16882216900238994,0.29404072526982156,0.07274852166890454,0.14753412741752922,0.15577591969945837,0.20714603170139267,0.23523847238336218,0.19308105753394414,0.07932582500747201,0.3905952807488921,0.3118907289061023,0.24619936611796242,0.38535443749170833,0.2169947483764,0.2217340463026819
0.2049460609250186,0.330258085753652,0.36840920098629665,0.5145322570369787,0.8246316385761113,0.0639665257069374,0.3147983065274542,0.17987613229742871,0.31603406869301154,0.07072748584423824,0.05675546533039624,0.3930807918078525,0.0384996925251766,0.0402201400592071,0.1551102640370723,0.28487449711097246,0.21996567961754285,0.33136682090603514,0.06004168507956606,0.9036032754709935,0.3503277109484911,0.6090636912855087,0.06552794055997258,0.2535667664510286,0.4709507429903183,0.4556851646745405,0.0,0.03417909246691231,0.22984267338660433,0.05571527805802401,0.2931626049303024,0.2748186979434314,0.1954834609334053,0.5534862902790084,0.6562579065782087,0.6387649925270972,0.7575026788621584,0.38652393790741246,0.49837713802839184,0.28375350153830986,0.45814614796607706,0.1253579974034688,0.09525656903806234,0.47597459768097383,0.04589198408913764,0.05178840317797617,0.1533186697714105,0.28305938918682183,0.2611071926303933,0.4176619975455288,0.11660023484770443,0.9132647899659571,0.4596697564861769,0.8828818843402515,0.09871273929824997,0.28531366596277175,0.7056703683214407,0.6233160033627785,0.02950078654109284,0.02338279645003155,0.2636511542627903,0.15750816581535632,0.2559936735564359,0.2576224609217941,0.23234580030107987,0.833700787667213,0.9593669077079846,0.8410234971260129,0.9029321268160444,0.843191263777129,0.6097044607146824,0.5315453904522547,0.5540415263661624,0.22310119617828716,0.157226203925803,0.42637841107809393,0.13749773358780892,0.03408494370224613,0.32347022124078706,0.37855474127319155,0.363395542105692,0.5932085107532308,0.28956479480088726,0.8785525870623885,0.6461606668557112,0.8870304190579418,0.667912775270771,0.37002711458104076,0.7782968353441482,0.5360086285660738,0.3614942481645035,0.12204961753215793,0.3874113616579118,0.5022835353228241,0.3603190637706918,0.7440566159370352,0.26848742106570506,0.9401962022019433,0.8823099016788183,0.9461608521398339,0.9244001221603471,0.8544073444856732,0.5941055982734716,0.495230396801323,0.5071023033947697,0.20633767640578937,0.37632892151271524,0.427385590482899,0.38587010592400695,0.04006446931749419,0.3755376297659593,0.3645857532519944,0.3283973360436954,0.5544769369561806,0.32079295577648753,0.7982896754595781,0.567181239577045,0.9033963539683338,0.5265042981135613,0.35647413123105276,0.7561030493331816,0.5749674506510477,0.4713188231980218,0.21583729914379385,0.39346796940910933,0.5296099675594714,0.3723596824217764,0.7122431287766499
0.21463226435481625,0.24242790567981454,0.23300619311023923,0.35124265668511334,0.3319264156994771,0.24025590482472686,0.21048154866154503,0.26385245833786697,0.2833604865235063,0.2571123936664441,0.196437927842209,0.3902534799719003,0.18368010042831692,0.2296813019386486,0.301437975206608,0.3073105421350877,0.22797965214755997,0.30477240376180487,0.15097610837265948,0.2443569358905311,0.27041259325682204,0.2924268402025139,0.2499639574744724,0.2985169502075318,0.3072112773759957,0.3705358472873697,0.17676819722960652,0.22061721385354993,0.2409615045438986,0.15890770236140234,0.320868251253597,0.44882825587346453,0.1491112719721822,0.36372925742469253,0.22841766994905133,0.2426729999929681,0.24773886159248665,0.4241582872156754,0.26797414776752343,0.4054391265159461,0.3717185516528258,0.4026578437322322,0.2689925499305905,0.527675285798117,0.21699926108481593,0.2956656897267089,0.26770155845306376,0.2965434195529357,0.24013804431882368,0.298753640268673,0.1463458260793521,0.15280390611224237,0.28127272990590835,0.306422096741819,0.27628141166749515,0.28625807196543795,0.3779203059790562,0.4176500829858718,0.2112774304912997,0.29130453882042323,0.2290855217133706,0.19481663772391355,0.24709657450521427,0.3353858739837694,0.1371559406741215,0.2439034325549071,0.17994119254744267,0.16471129332401035,0.18849438410656066,0.28438229070590526,0.16020777671442,0.34479642973665386,0.248071115043765,0.7473759470451404,0.3121119403487298,0.2757503629870539,0.3597027497657075,0.5643512815349072,0.1866690760935441,0.2194849478621631,0.13885083693855127,0.17542091046531127,0.21120796057697722,0.12192538267337158,0.16687236658450771,0.2594820204603156,0.46226737392476736,0.1448416208997544,0.28634155144783197,0.2687729768418249,0.4256151892839367,0.6401324186502678,0.1307610720234723,0.13783082175975325,0.12688417338664715,0.26287624447862923,0.1330645085164131,0.1445196406480268,0.13121098637605694,0.17804436787498096,0.2116254284874888,0.2207792348953342,0.14984369648120413,0.2792703727546516,0.1931187453568008,0.480842149144467,0.5212720449616358,0.15180544974060345,0.6136831636454253,0.42811603031092904,0.12405432493970403,0.15412006580699852,0.13221906772890213,0.13446809957676775,0.25069272501795153,0.12157665830493224,0.1547150907761682,0.26420785294700233,0.42021063763295874,0.1395096223238382,0.29034038504699433,0.26374821412868843,0.4682967831577079,0.48563036702435763,0.14645076850425623,0.260305051630946,0.13082329662780642,0.22340309509651046
0.230496873993763,0.4268396752334793,0.241447800376205,0.2686419623278947,0.46637148813405094,0.1510278528493441,0.2444353335945673,0.15098819908309918,0.2608786366234054,0.19634288776672257,0.12049798898865813,0.3166081508194959,0.10809740874284121,0.1210102715204378,0.1906750933220398,0.31280568146555654,0.21165715263434062,0.27401400355056665,0.09326295231311135,0.34253700897999617,0.2687471882046473,0.31676325182819504,0.1350941702403234,0.2505119789536083,0.30622942716339935,0.34618240962410435,0.07632060453272632,0.1262231529755627,0.24280525652538323,0.13465196510993088,0.28564005791155916,0.2513949583842534,0.210168759445581,0.6281360169892257,0.3311229826375538,0.2725046773735279,0.4592368080126494,0.27258565519445244,0.32549520364717005,0.21923388458207999,0.3641861342507993,0.28185024984518053,0.2111492562844648,0.4610173765413287,0.15711699843412807,0.17224960570743242,0.2034028869538167,0.33433737476274983,0.23849360353170102,0.2989723382617532,0.0927267445198573,0.32048683925504906,0.3067277710583518,0.4330593234114761,0.11297350549144503,0.2746234484060689,0.4670470459220218,0.4220593288401775,0.05113880652892483,0.12066812879684996,0.3063898760365614,0.20092200975718366,0.27593875844937976,0.08692831243069477,0.13238295570614333,0.18496712200182974,0.29132186032262386,0.28963575648198225,0.5000236282712345,0.3362365809698812,0.2718265335866385,0.2914913300295238,0.2980302899005821,0.24123232883578916,0.09356853062502091,0.25148360271900927,0.08687016503414147,0.3212798637332308,0.22326831693683025,0.20243838638373735,0.20508072669193034,0.2915382025111011,0.06646251080424403,0.25593343607837094,0.2599671241804356,0.430530903515842,0.12308411503035477,0.18625455371347166,0.4071740269331156,0.29999113140890443,0.0987434557415876,0.12303381167551464,0.22417993114203183,0.08407632393128028,0.16234413005040538,0.0,0.10359915009601617,0.09711745628236867,0.25142493806061755,0.35545839514281957,0.5112362843662628,0.29751625416019084,0.26362963886588575,0.2634065981539242,0.2668397183308479,0.0944803477047485,0.10542083496060062,0.15840035085609044,0.11127358831159184,0.1400433287712245,0.1780463696949126,0.19075560325437355,0.14797754473465696,0.18181425106672933,0.10414712632663709,0.25824475268817304,0.24174985548908076,0.4098309033547927,0.11064909136520495,0.15466426506665068,0.4143602610926902,0.33340727117078595,0.16353389713302352,0.0893749525652548,0.18532730136226613,0.12392050049554632,0.1501510163660393,0.0
0.7138631494546201,0.8744681976347131,0.5114356307806975,0.7259701395876278,0.48059061536383885,0.3133251111118451,0.6356379749494774,0.46280222453935316,0.6711536181903168,0.34238319291662433,0.36629843241429194,0.6161068634734458,0.27083099089462037,0.20329440523224224,0.5605094463677599,0.8330564013823504,0.6144216373172919,0.6730739227165772,0.33820166326097933,0.5675134744465001,0.6849415712176752,0.3677469387438553,0.27540507272619685,0.8640376084472381,0.7685658491450811,0.6300144221346824,0.1872165236358379,0.22370358535374008,0.6501042728817895,0.3859910196143042,0.6270504434566642,0.5947484572811202,0.6794532501321172,1.0,0.5085092513356856,0.5522867543961875,0.3854113944397593,0.5157678200064967,0.674205170565354,0.5066776176076575,0.8178509468976445,0.5867918359232631,0.5325771771726056,0.7806545141107518,0.3969461761973925,0.30390904655015194,0.5917434189833659,0.8083479537555405,0.6574739736785068,0.775733749059346,0.3800769448744119,0.43012120143984733,0.681063079880312,0.4820151688559855,0.3266997439422045,0.991295197556155,0.7855030808584487,0.6058616447049336,0.21047965940552932,0.2939829361951906,0.6599036182117516,0.487306785334659,0.5605297945069733,0.8222409717134818,0.6029436591923376,0.3827084735290983,0.30062854999076805,0.42682261900007323,0.3687031376785486,0.4355800610971299,0.3652530348994975,0.375509116943116,0.44085630484611427,0.6869996589824934,0.5687150333233604,0.5249780313670076,0.5782195359632882,0.744987785652927,0.5109799422197995,0.4286150250474787,0.4617466687474939,0.4506206953040752,0.361545954990411,0.2475387045704284,0.3931855848044609,0.34144560396120094,0.4583455264591825,0.47568207283186026,0.3845734326105084,0.38455839467556086,0.36064752461760363,0.38298218768207304,0.3818066668826978,0.6251478736371638,0.3670417278970616,0.8491364122064704,0.4490825458353705,0.4198403952869433,0.22074468746047737,0.44038766060167395,0.3945951434921437,0.3035100900645417,0.1963347988974489,0.24700523034515243,0.22300075631620292,0.40657135589698745,0.3789089970408335,0.16231049525803382,0.4630966030541702,0.5804229849742157,0.2710569918407195,0.1472550623080672,0.16622977884043555,0.2150576030957298,0.16985664351768576,0.21111958848300133,0.2161593560768583,0.33592364549333303,0.369034931483317,0.12709658360934198,0.28088734146879224,0.35155224050211387,0.35709277872183437,0.38755285332073747,0.14110145741191651,0.39845012791885087,0.1609593113403914,0.6253231690135298
0.06690855069201179,0.167114646642185,0.11754316811886917,0.186299558325279,0.41695750703896284,0.07551523101982471,0.12277986374813002,0.1531142701283314,0.11330314687690013,0.11668997365553382,0.05748006471018427,0.1593694681985679,0.07513807906165834,0.1008041541610672,0.047222271953950234,0.08161261655467389,0.0836111405001422,0.12785135684641064,0.04104893849663685,0.29123569232907665,0.14213431419619266,0.34372978381275604,0.1346149155742655,0.11633049700795112,0.20657524056329324,0.292659516971362,0.04369661702514091,0.09509848089919654,0.1332331436968556,0.0420228371343111,0.12893129246232748,0.2501042645894884,0.08370925486654068,0.22969459216804922,0.16154409315291562,0.30074853450691197,0.45001133815686883,0.16496271207734192,0.27613860452910227,0.23755831830639013,0.2667517520941128,0.11150851375606291,0.07388548039501386,0.2984915743341089,0.056665305869874505,0.11005587681541174,0.10971998276809425,0.1559260469027809,0.11814337473567604,0.14089662676420955,0.06420231392961867,0.3470182161453552,0.23075200273645635,0.48921189569777046,0.1308873882265414,0.1560195166186783,0.3790671230531794,0.5224608414562424,0.0138061749455205,0.045998827658352504,0.20855397554230937,0.15117372230544446,0.1647835345941222,0.31500704171953364,0.35490197622831166,0.306770764031591,0.3646304748528102,0.49927305282623724,0.566800645418692,0.5221016748664868,0.46732918007142005,0.4543945520380956,0.4489687599600839,0.14279089311213866,0.18600404058335007,0.31937837421325277,0.17924254290213892,0.3746807123470157,0.40014173811008813,0.297527259466005,0.28496798905368925,0.2846866422203207,0.24021022815100657,0.35066912553117235,0.37802372636478804,0.4502538762500031,0.26989954863727394,0.26539470889193273,0.4785817058620078,0.5587988910904037,0.34503880519435104,0.13787277252263852,0.3369832995686006,0.39018424815885555,0.29105016358313696,0.623430687242585,0.48769133577239837,0.4241369516561164,0.39952481787408906,0.5937015969344854,0.6109523478598172,0.5194644836563522,0.4676093029052659,0.5013857965728024,0.4338984778009374,0.24397322363406704,0.4242925802238099,0.38070133103510445,0.4481252110240722,0.36364655888057373,0.4479403237641072,0.3366352532212662,0.343436851935183,0.33412639566333063,0.3297053718808011,0.3217324911817988,0.38019331657047295,0.467463456663943,0.28288852398602116,0.32285051538562193,0.5176508944848273,0.621040252373815,0.4781193986351557,0.25347506374629475,0.35473806437608146,0.4310205735029778,0.3506628654960593,0.5673322424029471
0.36732511735798984,0.2786816941406407,0.39709333744142356,0.30170736110260543,0.4821403058989113,0.18922054204484878,0.43439066847225083,0.3184771243099239,0.4586457464496735,0.15974241860755897,0.14217784387107088,0.20097738267751952,0.14520302365633295,0.15348203682503386,0.42077384423715636,0.4810102375067876,0.3183204713991087,0.2950450851128295,0.21642028106204667,0.43725122725903964,0.4066974387510431,0.27874679252791396,0.17635052080782274,0.3503969273029499,0.44459549019617756,0.39346741523060963,0.16888163780483484,0.14725735958212322,0.424503759325349,0.2080703175986231,0.5436275228331753,0.5209149274090376,0.2827922845352029,0.3149611711532031,0.3565669270044133,0.21600254067065927,0.3787264257928427,0.260021484516351,0.4985423713284198,0.4334484893146698,0.5333692947233333,0.1344574328774345,0.16889488203978287,0.32682867538155647,0.1465360820733259,0.1472244146310303,0.3470475036624019,0.3928704662319229,0.38672504630394333,0.34751443729205567,0.23815204855097827,0.41379312812932667,0.475126456000297,0.3512854169701922,0.15562857288062815,0.3379586857191005,0.49140709751222783,0.35853234731310435,0.17764920453977895,0.08881897708463526,0.4813501721326827,0.18547434239508165,0.42768807662541075,0.46136051732827554,0.5861449151965776,0.3210036945600442,0.4466015475226305,0.3472471837463482,0.45476672366649046,0.36374219189986423,0.5119520208842272,0.6749254225657928,0.5467081960611521,0.17188447090760794,0.3621407995492365,0.48647910205698985,0.34735395234927746,0.2773376513693533,0.6255435331940832,0.576210461867205,0.6757632056013761,0.635352886588695,0.5808569458500197,0.36000817657411277,0.5772363747041711,0.40101504895123097,0.24110741935334756,0.6151231810854059,0.5139104977610827,0.4053639292326564,0.5056452042517833,0.1409992558991382,0.6383481053324931,0.3394991552969504,0.525358369925181,0.602590362926912,0.6049923705739024,0.38006956938590686,0.43610725576863124,0.43954388623692137,0.507548113914142,0.3403188874501169,0.46764459498292665,0.6300612485326214,0.488368758638675,0.1598934980403498,0.5617536928284866,0.5895491623394493,0.5861613634712018,0.23795780967842606,0.6258383272193527,0.5527720429704609,0.5686963974343813,0.5288077716102484,0.5268674684226569,0.34436551308795116,0.4933231394721963,0.4293704245030477,0.1828549481602022,0.5495831236145127,0.504454656203865,0.4396360314888602,0.49357656433982694,0.18940876379145183,0.5454028249533194,0.4653628463525638,0.5458259218626451,0.4980351696718289
0.018874049046885777,0.14457293347143263,0.0,0.09200271563362983,0.0,0.05184106697665064,0.017669711269936078,0.006776564455474254,0.03954180346205455,0.13954052468081643,0.020554017489789883,0.13197141068413265,0.051810057149068944,0.09637677715298176,0.027787895619545977,0.10282683502102835,0.0,0.0,0.0,0.0,0.0,0.0,0.131756046407242,0.0,0.0,0.0,0.058735386012198576,0.10643183646278287,0.038493101907259214,0.014235452210530242,0.112838917541915,0.10090130768418404,0.020510606728185166,0.24721959793166792,0.0,0.07398104184108034,0.0,0.08970626087624622,0.03914077519356346,0.032242987871138606,0.0675291188017495,0.14859437994528263,0.03714432629282505,0.3239891180183655,0.04248896683893788,0.12124862601650466,0.04386665916519239,0.11517499029681189,0.04143098797600364,0.05918104381409506,0.018028243868166205,0.005104168261216568,0.01841203461400648,0.0,0.10962795367550127,0.0,0.0,0.0,0.0015309192247668357,0.0419446604924385,0.03844880379674831,0.029164359473755397,0.13862590613665382,0.059255399596828795,0.10462075302909835,0.22144788196232235,0.009078493048674252,0.037859865017980165,0.007755893160850569,0.11987002201760744,0.04241411008622048,0.05175414311886051,0.05626859631707842,0.7326761475116808,0.10714490812983324,0.16616033142907383,0.23623172709488394,0.5796991964578562,0.10769321672260768,0.08101531589436428,0.09365895304466876,0.080859566046532,0.17906911164542905,0.0,0.007909693810159657,0.11927682802868517,0.5340464187802116,0.05157028012426679,0.005499356039846637,0.0,0.4217445959148639,0.6323146340975462,0.0811991859109864,0.15033044257806893,0.09031541030021084,0.0920811619901738,0.24835599903295508,0.2505445683538631,0.03706394303073923,0.06785718425360132,0.032226671398233854,0.14529508308521893,0.1530995746058594,0.16001946507125764,0.19260595214069443,0.7471231594259167,0.7158805716402185,0.3248217630926456,0.9022067770533994,0.7778508925678265,0.2628397266008945,0.2760687693987951,0.3162857302981595,0.22972310659765943,0.4555345961760881,0.029958125959620427,0.15081478641335902,0.1691349438419098,0.5958252079772453,0.2714454215933727,0.15270386077675235,0.030366824896755407,0.7799742398420675,0.7808627289211212,0.26490754244824843,0.4574875138797639,0.26001126129421226,0.1627367346169617
0.07496542274176676,0.1483540880386891,0.09552064388974019,0.10639995303611305,0.04169651344525771,0.14641698863244634,0.10269610377672392,0.07956003329264905,0.09776965779333396,0.20314334186844948,0.10359810294856966,0.08151649644339432,0.11990647150362552,0.16937915900353545,0.15267914421140638,0.13267463915229882,0.08911017039598132,0.08755032931962076,0.07768137609057615,0.07602299027761139,0.12427599325994004,0.14313296654723467,0.2007494302767456,0.1411470613860119,0.1651203102893426,0.1629394280823943,0.15464166625537623,0.189929448968025,0.13349670631783375,0.09003576673950425,0.2241084572959653,0.21089368391254093,0.045486200042058944,0.12724876280154696,0.007531864945607425,0.0,0.0499857942558673,0.12306940407745459,0.16296056941910791,0.0881493013730506,0.17485460417021187,0.17882818551347196,0.07900503980219209,0.0,0.05842722365977571,0.13940571762045728,0.13386603676631792,0.07475303651739296,0.06683099712039448,0.0,0.04800859621344544,0.0,0.08638423997072386,0.12282848858295592,0.13934909292902314,0.09911504398254678,0.1723254104699617,0.046376895359873105,0.10016363538480016,0.1088520483059931,0.11277390859316389,0.07027660474594666,0.16217424575341355,0.09969335174020921,0.22912608345514163,0.07965379252432192,0.1338393332408626,0.11129643376075932,0.10910777113803549,0.09299921139853429,0.14054867126959303,0.2659834501492075,0.16368268305673073,0.0,0.0,0.010211880968761688,0.0,0.18501219520542556,0.25048217049184396,0.13635091994149195,0.14301361793671707,0.0,0.09132918987650296,0.024942158515495166,0.11097201646319294,0.178278033195432,0.02286426588660473,0.17414591422931325,0.14642977859104772,0.0785592916568888,0.03690491619498526,0.0,0.16316642703892825,0.1497754118399799,0.18373852198968044,0.3817752634064844,0.3404137733357356,0.1630070075269715,0.16826445172884819,0.1779951796582782,0.1275027559132244,0.05093101711030745,0.154280370582544,0.28047273930448086,0.17462254400171728,0.15318327755513927,0.2870676404752345,0.21756762736855556,0.3134909302070328,0.287830898266922,0.31120403034412736,0.2177953980748348,0.20301905593461766,0.12254008068395705,0.19595747315366302,0.05147060065738683,0.15196005619334776,0.2089331191312223,0.055585520384840326,0.20019432508349314,0.19567385265174284,0.09143979100622937,0.2120806575909598,0.16811858013968384,0.21354345654588133,0.23510876658422747,0.22073720767136443,0.410694032723786
0.2548538006765961,0.044336036017996294,0.17363622059971845,0.20046444154143628,0.26769682153981733,0.106991076214213,0.28562587530393757,0.2774356651447071,0.3103203521573997,0.1356592190673035,0.06967980523696712,0.09139050034266172,0.08315248159092861,0.10770849146234235,0.33715590188710043,0.2815827294306229,0.22345586578335222,0.17257127308916587,0.13929388939002826,0.1908816685651631,0.3256614652787691,0.14107121454610733,0.16729127023719378,0.2761440436998418,0.3381106642390708,0.20309804773279633,0.1437416013383498,0.12320614383105544,0.3232264032899481,0.10967469494008358,0.3772943425651459,0.23782246746506375,0.18532929949162325,0.0,0.13114556741878747,0.08322945321254094,0.21208359482901057,0.13995396010612005,0.30809782746854325,0.29611290234467563,0.2863299648323218,0.06889050472009672,0.03647294291802394,0.1113631983938107,0.024612817837540657,0.06333374443591033,0.24126540581555256,0.1591394543159712,0.26421449176762724,0.17574954542901644,0.15183043126587148,0.0859006483122412,0.35182554566611235,0.14949253790017736,0.12312727200104073,0.2597769483447052,0.3352996760602945,0.3144058370829588,0.12940281891057315,0.037958191360645765,0.310719220726437,0.06687452506461766,0.2507948557950067,0.13868891069670441,0.45530888688841586,0.11523298634385493,0.29172555887215723,0.253195308531862,0.3628560517488904,0.3570800774892904,0.3367707801030844,0.47308919754314954,0.3585479540297163,0.0321655553993917,0.07190241823381305,0.2124651622574849,0.03944234061074958,0.09138610493818011,0.45366152605051047,0.30787378767928875,0.3934427284089318,0.2968426581861776,0.3515526109642162,0.1782449813940545,0.37145921136360976,0.2835981566081549,0.14225938937946725,0.3914637615994403,0.32048828923131994,0.30021612149830323,0.28945308936652425,0.05321884643310626,0.3572193633071963,0.253358718453802,0.34342014118382347,0.47628721161410104,0.461049629128746,0.28018189149154094,0.30675349052057915,0.3211930505209116,0.4193165175746665,0.2969403841247456,0.32674093670260074,0.48046281353069137,0.36485504185894174,0.17624285216135116,0.4170109853157319,0.3684032569620929,0.4344541658194395,0.262303710144278,0.41623332502180854,0.3605599294265729,0.3443819476567959,0.2997352183177258,0.35109391294664477,0.2003742275972421,0.3255968910128437,0.3384339310023432,0.16875746512995515,0.35206705387964277,0.3580486743402215,0.300008538731937,0.37456272070233393,0.2140349797924121,0.34511180756143556,0.3577447852583983,0.3551274460784867,0.41023534125286265
0.36734989812632907,0.38440201587277256,0.3186836849058155,0.31835163214732753,0.22087274985862515,0.13361079735411518,0.364630247011024,0.30851290103793894,0.3971774900937389,0.18845638737165668,0.21177831157567525,0.30157213668411886,0.1769877705872848,0.1895032030681722,0.33590688730462703,0.42511191256363934,0.34618852189700433,0.3710137866240107,0.20686046341110506,0.306770290234436,0.3864199055021877,0.21415020599362128,0.17506964354246127,0.3341857272003206,0.39227017466978625,0.3625436627972109,0.15230192877424592,0.16795304197619831,0.4136101014741831,0.21246861647210885,0.4526075741117606,0.5066470469316641,0.38707029972590334,0.46642871641586436,0.3621001585915936,0.2604549173336487,0.127950373957273,0.16302726387888455,0.3855460647882429,0.38950943826732526,0.444707930297139,0.21076504314102945,0.23292238282487432,0.46541873599868333,0.17076154900263407,0.2285111232253917,0.3185832842309322,0.4520643601705254,0.3752939683288228,0.4000771880261921,0.2578498776147926,0.16994011828298328,0.40404921799263493,0.16153097046456422,0.12227379029287339,0.3197055305133796,0.32018432847220585,0.3635019646138271,0.1371400364148317,0.14019480589932076,0.3885191042542092,0.1821071762676838,0.39788787177337304,0.24091574744730604,0.3235486235721381,0.21241715261521354,0.21220861475370856,0.1423034377235362,0.12649325051559568,0.14859881725088508,0.24878200760504637,0.4291857706810888,0.2951002028147164,0.30754130729233076,0.3915318492298263,0.4217768142611502,0.39617565929457754,0.7833590307772804,0.4172416996942879,0.4343464129389558,0.41149527170757794,0.3366482412160072,0.4820813255091372,0.13339753206784696,0.32163016319014587,0.1727931636276001,0.15623734193866357,0.385257857602076,0.20745044704149357,0.21048704294396303,0.3481931596576687,0.2450273411628806,0.3758326497520539,0.38271468453417845,0.34856510274325136,0.22166629535689375,0.289073204249426,0.1275618174112344,0.1822676660147548,0.16274732899181021,0.12620966665178623,0.08093193721042097,0.22714725545434342,0.40947761901037544,0.2712936668252181,0.25893162694370575,0.5788375881420732,0.4052938725674983,0.6647751582136053,0.710239594176115,0.4127772209597641,0.35783547484309686,0.3397166420863857,0.2680469060751777,0.43040240094764276,0.1520918797693795,0.2857032445882235,0.18482738084965494,0.21740179301813833,0.3550550535657764,0.2557643369838333,0.1996424880354278,0.4182313660542996,0.27301054301555255,0.3522269309020827,0.481122311462403,0.34738902799802696,0.22377824653467748
0.49859354672345896,0.6643351320821045,0.45675790378365605,0.69006859238081,0.26567760328869716,0.08774205875014368,0.1904548013128338,0.14642231162766395,0.18345992403466893,0.18262156521295034,0.14957070977564277,0.600297988359625,0.11051566789044917,0.14484992507258365,0.4785634897877744,0.6274386381327303,0.3102715231878259,0.44069740229572857,0.1100526648218195,0.23171479277254886,0.4082549323133225,0.21997274470238387,0.09100802346725514,0.30712445175238334,0.2155221555028629,0.6712641036547946,0.06123275993708677,0.12007847242087677,0.27049109405991956,0.24492863990844366,0.5353638728260042,0.5806523073674502,0.5199561286466331,0.9213407018303078,0.5079619271894636,0.5197883839747924,0.11434133459360668,0.19849405096780293,0.21557230948010037,0.22851143042641425,0.30544040913999787,0.3495030073796242,0.25482671852046035,0.7376835992570093,0.17584728151591833,0.23071197043361058,0.42479798202571417,0.7015840289164714,0.3450811036458046,0.4414595073639317,0.19137310186483225,0.11038472185860565,0.4035712628705136,0.1457784141792522,0.12288791518176695,0.3056553648486485,0.22164394067206933,0.5855162093079203,0.09242689974674523,0.2026914045504255,0.2706971995266877,0.2431661196379339,0.43735515862734986,0.3730103478593416,0.266146409367615,0.4225582496630219,0.12539745071611608,0.06332073673637617,0.005665965754827612,0.18362286549050721,0.04792709548654783,0.05571254974186324,0.0790954226555931,0.869712932044439,0.2868925186722924,0.47227618054252263,0.3449416173780322,0.6112105906228915,0.1781330875698225,0.2929511014847548,0.20278134077605514,0.13341058345447665,0.24282259598901712,0.0016627301341509415,0.07863107837161709,0.0,0.4983231699136421,0.09859489268461752,0.0,0.08799167526144647,0.39835796815670277,0.7105096267821055,0.10895076408876686,0.25023751243753156,0.1801397508580398,0.29241510896980016,0.12315729823862492,0.2178708122220815,0.0,0.0,0.0,0.10269182253976022,0.004438494598059381,0.0,0.02204115735545996,0.7141784096665666,0.5911502867354027,0.23028653092411727,0.7515816387450748,0.6548348407606788,0.03337359057871908,0.04903924559177278,0.059020505392355704,0.0,0.23790775619343602,0.0,0.0,0.0,0.5920132255550603,0.04406860472293886,0.0,0.0,0.5023476054910936,0.7062116806282979,0.02879849038282653,0.3343272053611837,0.04233868935898047,0.24390082819594971
0.05075782620761238,0.09688735752006017,0.02716725032354872,0.0,0.028058501183101825,0.0,0.07015281053618336,0.056989047790858394,0.09115664689834119,0.09786088542268934,0.006043605273998859,0.0,0.026300084948401692,0.08880112157366785,0.07503938149476674,0.1245140225578486,0.04963963708852667,0.056831579719629544,0.0040937647718291,0.0687452547434787,0.06144505847646892,0.0636354005545694,0.07929929331103033,0.050994414553309386,0.1279243477380168,0.09264985320084013,0.03464109153147257,0.07787645341811167,0.10460663336953516,0.0,0.13853427546442587,0.25595249939672426,0.10685330493805756,0.20253542369100785,0.03446238769594567,0.16707789678121177,0.05813582323540817,0.0,0.15463116365138818,0.14121567793419215,0.17515415798430783,0.08528184333332245,0.0,0.055806988750668585,0.010981537086412307,0.0927952212535968,0.0659873229404424,0.18898616555110548,0.07270609348246676,0.02020923100040284,0.047845899328583796,0.008044510617049583,0.08370793213588168,0.10626902107830793,0.02862776715161791,0.026551071001383098,0.17488280212789226,0.14105794141029848,0.020547399765283636,0.029665794081125074,0.13752767364828655,0.03595791212177368,0.13159361252549728,0.246932936346008,0.3542130888885022,0.258989284076209,0.10254638083430567,0.22577526544004767,0.08788062166554161,0.06048426169160748,0.14466126911510663,0.23862715352545466,0.17775986968605517,0.13258574341664375,0.009566390114914114,0.10835014580646085,0.04458192497472391,0.27556568722139274,0.2989950262837421,0.24989268291824118,0.18700475341938583,0.07507974795122585,0.1588036586984517,0.036166169122648556,0.09978665972427608,0.1485643474781601,0.08275840636087484,0.13770422119994896,0.14909372684691258,0.14384512569685892,0.137734474708037,0.09265072001939623,0.20467882205382137,0.33316169366069137,0.2509253580983919,0.7183530602504999,0.5178770860917443,0.30460449978932436,0.14872750722311062,0.23815402008114644,0.09905273782135679,0.07324293549724553,0.19692242270659346,0.3149823871470648,0.24315205627671704,0.25718161256902305,0.47930668336713766,0.2868101200443775,0.5199460822508916,0.46239923252739956,0.4474875514793537,0.3366973317541252,0.346772037882413,0.20421602498556007,0.35689295128236326,0.053447391707112615,0.21239863405050033,0.1720046587411483,0.17842544869242383,0.3257273014770733,0.2384551734820248,0.18335405358647636,0.43282870387388334,0.306794945331708,0.32898031416961737,0.4974176268922072,0.36641777234522444,0.7037548765348526
0.3602077377777662,0.5025556513010658,0.2655683185712467,0.45863651418804274,0.27849495113105016,0.14049110415787847,0.21512493893996723,0.16349282130496584,0.21974327157792956,0.2567925233909164,0.15422877608974864,0.20124262775704516,0.11511440383401153,0.15129976903885045,0.21300520592573724,0.5023100109179757,0.20131527681767133,0.26059233050347946,0.1241934306875975,0.2345009373514682,0.27414811028459346,0.1891672654019521,0.16863210438318324,0.3132551461966626,0.28648579548149394,0.40104811006260216,0.12115093465556998,0.18871980658709914,0.22895517890024145,0.20007239028032192,0.33778492632507157,0.30687803908261513,0.4024580675101078,0.6190088693527492,0.30570763026998715,0.3361554586687575,0.16289172240714883,0.21999080313703046,0.2732105476506626,0.26409339024709416,0.2793441954281564,0.36272349219261896,0.19699932128574615,0.2987101975266514,0.11433380899094758,0.18571891900217397,0.2818058489103281,0.5835558216609344,0.2292237925260685,0.24536761475355973,0.1822487848689065,0.14756468506428827,0.2950830716566458,0.19919246411735703,0.1420558818403685,0.35127146325475,0.3210736455241778,0.3895622931526599,0.10461217056950256,0.22082434114732802,0.2607510308580042,0.3034786792839935,0.3710925656147571,0.30479772855926957,0.47058232339760386,0.35869452923320966,0.1947462252311417,0.28708489833314965,0.23092951484437818,0.24064572363659154,0.2919160860601828,0.36298104697217654,0.3203648104362863,0.42229142818302123,0.21270466099365604,0.34152771937988224,0.22628221365234014,0.4879797789373592,0.5205637370630659,0.4788358895668139,0.348649512199528,0.242290166639324,0.35535602160607116,0.10169404146683111,0.29314689136141,0.23695510198357145,0.1386523729111706,0.37306020398136597,0.3057613612593601,0.2637644713080405,0.3334354322545635,0.3172658132961733,0.3713910481300612,0.47358503978760313,0.464234200045886,0.693887783213377,0.6051970611609461,0.326842589807382,0.19114790466665937,0.2930485615747953,0.2536612985969648,0.21361598262866027,0.3390889951034678,0.43451380683936186,0.3815268479481365,0.26968500131512907,0.5800008546358485,0.4393402099987392,0.6177995733030465,0.40051817724155225,0.5345928062896942,0.4659160313912475,0.45196006213749124,0.3197514789758121,0.4775904845611411,0.1152623368840223,0.3433017639670589,0.26263505208696625,0.20049545398400148,0.4414804299726346,0.3643499212201391,0.25527279994278196,0.4926176432121168,0.3035994586931819,0.4476749421511672,0.5529233028364708,0.47900627370500015,0.6899853908136399
0.08182058082120941,0.33867774662121886,0.07128892802636472,0.11051635997114195,0.07462187593937775,0.05378228509019867,0.046119578521139765,0.0,0.09183619793037473,0.19675195179246205,0.05442712375321665,0.1998583959415231,0.08183916254136778,0.14496120745342278,0.05283077965479821,0.1511744223305188,0.047260701575474046,0.08702523417391977,0.016789638742813334,0.12066610006537792,0.047607886436882574,0.07542056391252616,0.14752423005482349,0.0745226128015084,0.12397397615275407,0.13800457922802117,0.0744402358022963,0.14575182587513164,0.06076043846182452,0.009071996351380451,0.10882107352553377,0.16307494236441555,0.0697295975498835,0.41679234017286226,0.0510748532495543,0.0815678225771348,0.029548113782035534,0.13791807273858347,0.07697407643067983,0.0,0.1291395239429433,0.26404053395819344,0.08437909604477944,0.30903997604334565,0.07210393724337782,0.17751679340857307,0.004668180522088172,0.13307901864304428,0.0767103691505166,0.11435176917667755,0.02854055302286096,0.06875091989652043,0.04055972285061593,0.046669740463851306,0.15617514473685656,0.1093092358438087,0.13446639470531602,0.12009790038656643,0.04226602958887116,0.141057887263968,0.05835820115872531,0.0,0.09297319158685657,0.10217812159584927,0.0,0.13804884178519106,0.009354859571115592,0.0364906206158192,0.0,0.0810443490094106,0.0,0.0,0.0,0.5850749977505458,0.11230406086552858,0.06557543772376984,0.1425683751315785,0.3963390106213669,0.0,0.014000947868922031,0.0,0.01122488583557979,0.0,0.03929164998675769,0.0,0.04673089550374959,0.4072458343482235,0.0,0.01514126734333826,0.08984665394664432,0.17831260963662054,0.4505325979821836,0.0,0.0,0.0,0.17974724246881935,0.022405438167824754,0.13557087127474687,0.00407283544511669,0.04427639066100095,0.012775772288006033,0.06509563740989815,0.0,0.009238501829643475,0.0,0.5519824216437077,0.41254840954990624,0.0,0.5447031186868488,0.527894519089531,0.0,0.0,0.0,0.03169971918881642,0.11570485391378099,0.04749401151422228,0.001989761335869089,0.06871564099064872,0.450230516996429,0.0,0.0360023538865592,0.07362365330593876,0.40327664035213934,0.557173226151092,0.0,0.2128227078194012,0.0,0.17788056159784527
0.2876845390466088,0.42172684571671937,0.3236011857524847,0.45842313180015404,0.4602853777946574,0.04539286413859961,0.23468591994651403,0.13233952109704344,0.23837120048002824,0.1343978139906043,0.04392579221871609,0.2568142902185466,0.04324998955855475,0.059667197226911994,0.16562026865531676,0.36099608112815307,0.15220014325913941,0.2365825461501751,0.056276328272736126,0.45963695379110003,0.2543021584806218,0.4024779710547964,0.06671449600800111,0.26002271234156127,0.2518245076120514,0.3729059266631693,0.018097867052287164,0.0665539394148339,0.19375928515001165,0.11868973999004367,0.28793965975371877,0.21770031014449687,0.343360636158072,0.7302679016516208,0.5627569031716045,0.6521932902943725,0.49253124641201523,0.33839303041858615,0.2686562562363611,0.20583136086675619,0.29926483801796205,0.26074781824309384,0.11001203655145131,0.4262523052065773,0.09129481037337628,0.14024718113295853,0.17607405461867354,0.40718147624322376,0.1596602337628057,0.3305830730730983,0.11937562249762546,0.45998295384046317,0.28764172559847234,0.613202632797865,0.14342346932731104,0.27335881074684276,0.3969423180996848,0.578424990400283,0.02380522773586835,0.08576444599617555,0.1865409434967218,0.2887312765723108,0.2955812027996847,0.21015883075267006,0.16678781745630034,0.664355777053203,0.5334421121657155,0.49643359797281683,0.43730895720377455,0.5980403297924277,0.266078082721042,0.30350728029832647,0.25355555894636683,0.8006304932109312,0.17764778038781714,0.27282652523829354,0.28588623230218024,0.6228354313403308,0.2155729705132735,0.21738190440336647,0.1717449523716762,0.3770500826485099,0.23665394717907096,0.3221148161352181,0.26869082559296226,0.4804103023437236,0.8530601088444525,0.24316307016629646,0.3350473121462874,0.3176701706973568,0.4385808720588734,0.6313741215778926,0.16790340512800384,0.38033829687709564,0.21206609085699057,0.19756518369928222,0.17454870034159975,0.5942184870148474,0.38880037930952155,0.488597704939605,0.4776665076433311,0.5395765962388022,0.2885922064479227,0.3196297175459713,0.25984409451915125,0.8494113500537508,0.6385975364180817,0.26148907442831487,0.8593165007439035,0.9290662590521397,0.2387866692416205,0.2006583434886627,0.2310068586850162,0.39201105764701655,0.3798588508955936,0.2945014400907025,0.27611673611880405,0.4791831238518249,0.8758205145541083,0.2043550446264992,0.36202509713311126,0.3090006654773645,0.7659332800928147,0.8168186203447545,0.19460641164301054,0.4363115424190583,0.18481240629345605,0.1389779846614264
0.38933991451264777,0.2257180010512475,0.21521863884526732,0.3043684076604164,0.3960972436511857,0.21981499785884534,0.43733590113236465,0.2710676722523907,0.4228894764174208,0.1924191359659275,0.12215450866534375,0.19282553161049765,0.11701551212405373,0.13346146951796406,0.47130918182706794,0.5256390365571719,0.33549088883878864,0.2871570874271879,0.1402352455141386,0.340300423004521,0.4393159037063857,0.28908551947616695,0.15850052525318223,0.4419163236772563,0.48742221318203377,0.3362558409673468,0.23780585408227756,0.19267094285619513,0.4707866424041913,0.18220643538500575,0.5437170333820778,0.49877938582903536,0.36795041250099214,0.2673409309678122,0.20415804158491435,0.2533546537531387,0.3351273347286357,0.3333953535133146,0.46544819958167255,0.3090705471529201,0.5013861131737452,0.1985786014467828,0.09726934672385268,0.15926088311415965,0.06073531256352194,0.08908342051895768,0.38606612927723116,0.4305297949811666,0.3243985059169283,0.2616903365541994,0.15409048815848447,0.25201562071476924,0.4047876562219658,0.39143803435932645,0.12914071715270142,0.4115135721462846,0.49856185007721515,0.3719510798942718,0.27807701749839303,0.15578868461401602,0.42594918921014513,0.20212682650887126,0.4229444418973355,0.41201448796685836,0.6226770500513812,0.48720485762363197,0.29391123954861365,0.43012152719389696,0.4045244551655957,0.36116382636670985,0.38249200394444743,0.41280686106100933,0.4267752149330837,0.317329073492175,0.2387840251511648,0.28034929513736717,0.24368006506591544,0.2901109645193556,0.47713040844929966,0.40837580678203467,0.47500405502867526,0.364646659012833,0.31235375122139164,0.23876928801715472,0.4194139174105069,0.3905261132557323,0.30677331721125034,0.4138565704800987,0.4464287609905732,0.4350035361146969,0.6183443177013165,0.33740503540737266,0.4172003864511292,0.4496153376551397,0.42710636136283464,0.8154374131729971,0.662995767844615,0.5960372809108111,0.32352881141186257,0.4893305390407959,0.46848429879814424,0.3821875364796738,0.39165527698543123,0.44176535640848585,0.4459315810593276,0.27905330097723,0.5580807919322871,0.4307913011924039,0.5649471559898419,0.29527661372870173,0.5173505196101764,0.4136794616230025,0.4529731012147336,0.35315065289281405,0.4405526651868374,0.24226031765873596,0.4114003570954865,0.4300862360977196,0.3230647367870624,0.4267703775661864,0.49428328460131077,0.534744479605829,0.5958734296885682,0.3456982083789168,0.43547729224051257,0.592475145653317,0.4505033586743534,0.7553236821110426
0.5068447011989592,0.32357227329381744,0.36149769685882754,0.4499067664194164,0.3343935393012507,0.12122063931479748,0.41679097309471136,0.32519855337739045,0.44617915976597244,0.1969601509442133,0.17210694702044296,0.29975743222714313,0.15621855855626746,0.1434070590073544,0.4880663337096113,0.6641200476186727,0.38907356658772974,0.36392113698985956,0.2061541597637447,0.30644993269253873,0.506510513282836,0.1847426131009679,0.14348023132127216,0.4043397474700978,0.4592087675541651,0.5196320369664085,0.15945392601880887,0.154464320568506,0.46696204264454433,0.22170257222119566,0.5729338891966045,0.6205926998025623,0.49439636910844953,0.45198000522592074,0.38785209077601757,0.4427149025434146,0.2530848866498255,0.1990004462353735,0.439660204626023,0.3648972709851826,0.4585475581061674,0.23614464837453858,0.2004431451243549,0.27828710261082634,0.15838137027032206,0.15960398966767386,0.4949949818253405,0.687417869994867,0.4196723370715031,0.40653672059959967,0.2637254672003657,0.21193638171745033,0.5247500366601585,0.2449559035190897,0.11896048965995337,0.3788715951670555,0.461647099730022,0.5685443260361189,0.18291478811410794,0.14463437556647157,0.4931628167563281,0.26101597836155366,0.548335420834711,0.7147457155277266,0.6442132154535618,0.37130274291805254,0.31002659885466766,0.40810463600169455,0.24044201337539278,0.28868597730579837,0.29543972948551683,0.34288249361123685,0.3058007735564524,0.3016986625771312,0.22691163320712415,0.20623669503940834,0.20459342068175523,0.3359666146595115,0.5414691645730397,0.4776136079992286,0.4542858301660896,0.38010393379796303,0.4071121446584778,0.1864341077759147,0.39299570338332673,0.2788763522755487,0.2540666757182888,0.35097314823617454,0.29685586682042336,0.35612788927299144,0.33400402660877104,0.20275035046512546,0.3933335177545315,0.526871439330215,0.4594457399741855,0.8188562310649643,0.5010624648486752,0.38414881411280855,0.19685396006055278,0.37693189164957647,0.27299612671368456,0.2399433262791149,0.22188427710271605,0.2853053321473235,0.22756797157542819,0.3421975512327873,0.46116355403052556,0.24847236645263254,0.5210648404236967,0.5213777557025616,0.408396454947346,0.2819679376478865,0.2958289273093501,0.22949795531354783,0.3001195946943261,0.18248542076022067,0.30374402908485487,0.2810611033798622,0.33738680976575164,0.25587583455668406,0.28851632999351884,0.3264447511866696,0.42717237011309256,0.36794851188872685,0.25828412136958334,0.48669357056576107,0.3077170631936773,0.6763682175931666
0.27821255632356373,0.4062059708385515,0.25646908473673286,0.3757379492760803,0.5750549415890999,0.10808360165093561,0.34289268187521915,0.17090935338425944,0.31856319130655864,0.14316538825009098,0.03383119131710646,0.18728657036828134,0.02331080397631008,0.04665571486089923,0.2627924401813344,0.4703436761456008,0.19226565064915876,0.1880516838091883,0.047497270462401625,0.46974408161057035,0.3426843605801924,0.40042063440969006,0.07771337292017394,0.26813358148561095,0.4102713973272995,0.4352294987037684,0.07806234427663528,0.09402518491389497,0.2930702417291817,0.0919334839880736,0.36669930774078235,0.42792118338194796,0.22510797967702312,0.5251487707827208,0.35161476882601217,0.3556493506232833,0.5373425400283947,0.31739739237038966,0.4350098383160283,0.29401816267063136,0.42864423873302576,0.20870452252135357,0.13119719287177545,0.3454315917643215,0.06380606922470922,0.09216355745998212,0.23914528655158995,0.471096942111898,0.29677567119637893,0.3556850073001038,0.11081336768983141,0.5386477117843106,0.4405269271920983,0.6009456874445525,0.09383861504467589,0.31120332859150623,0.5648363708906605,0.6044436776806361,0.13682476118687936,0.10700694084369877,0.357346682655989,0.14908567986664023,0.3172528480358654,0.41489647232914906,0.4378735761144381,0.4555112693297988,0.5346712884180612,0.5113145447578259,0.6846587732856919,0.6176054099055879,0.6086478202660346,0.6042225574590505,0.629406194783069,0.2637980454399951,0.3745391090468926,0.5030450214919291,0.3097015176519895,0.13781253818740935,0.5703305155275572,0.6491140402024627,0.6008273561052678,0.6385974295070411,0.5417654191464105,0.5505708648527103,0.6650189690493149,0.5679884701941714,0.47675102217517007,0.61622456957413,0.7034486258088957,0.7570228197225288,0.6684399511459146,0.27807191854780655,0.6103265953787813,0.5906587070714848,0.585693543693976,0.8025300414620142,0.697039481835696,0.46927981848209643,0.6002552456007959,0.5913387213343275,0.6556299534259106,0.6315616153962675,0.726473356268393,0.8146228077125113,0.7900666374120399,0.29627818648737303,0.9999999999999999,0.837192734015189,0.9999999999999999,0.1981542224118471,0.8756718429739506,0.8513482101611012,0.8638012217034798,0.7044883420646728,0.9220702301241661,0.5045760118854552,0.8220565134220211,0.6074426498527177,0.4701220274219844,0.8754568020921961,0.8568088007928172,0.8340532616194414,0.9065278887623152,0.38897435543753583,0.84786143206123,1.0,0.8808164581484657,0.8356001395643197
0.1923957643491972,0.24980690733403055,0.19663848894662578,0.03259490202797066,0.08627578064113184,0.1054595146962033,0.20804307240913003,0.18125097224071818,0.20178791578241534,0.21558526216893378,0.18180740181914143,0.15711631429814643,0.174721570743448,0.18558453190898344,0.08618327177027307,0.25073197906761746,0.1910896313564174,0.1965994372567143,0.1738422587095301,0.11452333201539155,0.18948275596091635,0.12505587550474268,0.19395601083475425,0.24620012028739557,0.2322710357377331,0.2197148822644574,0.10783430829591989,0.16585655190235565,0.23940907744232862,0.17151743934222013,0.29123043278885313,0.2786204456912068,0.2146443878751133,0.2839075956182934,0.18883386263363,0.06451073139304786,0.04241576074132497,0.19747735569611802,0.2187438313981444,0.12998904995859867,0.17879030756330055,0.2733663449422637,0.11512355114124007,0.11764407079360362,0.11488789528383803,0.17738537299820467,0.07293556209299523,0.22978029919320875,0.1570741644798136,0.10834068014105303,0.18100784974434314,0.031202851946905086,0.1738420448950273,0.08829719902956279,0.2009365333730287,0.217989294271546,0.23524753558930894,0.15831668066062476,0.12222417932259444,0.15815612816445718,0.2156689188696268,0.21374844884308908,0.2556846462840494,0.147675797158481,0.1429068275547699,0.029637005473437394,0.09187189638341442,0.03847052477252033,0.06061667825751729,0.12160793415299942,0.11619029073325443,0.1858262874368899,0.09174433071740873,0.4450539982226649,0.10369711310852558,0.0,0.2160818033872871,0.5269927059640493,0.16836594865759869,0.14847849944277636,0.17750472551776042,0.09071488918149229,0.21214135600462591,0.0548230190058176,0.09760485375175215,0.12168187480860715,0.2960075913571736,0.17378450849205884,0.11968326100473864,0.07219934842735087,0.32652661709785813,0.3584739514768306,0.18995492106151912,0.3921943226792213,0.18985423868498397,0.3747642787603178,0.13968194304608733,0.09424255254742786,0.08508728475179944,0.0722741026883913,0.07290172630562511,0.09521058786875009,0.0939434010113531,0.1830292019976616,0.10888903780862644,0.4011002913482422,0.42661939305657914,0.11532748203253068,0.548525758058208,0.5790833097162569,0.17757276236379305,0.14605376748604262,0.13653406714751237,0.09603411334731804,0.23547953484619727,0.06957478130495079,0.08837435946661157,0.14411806395920518,0.31781592571231265,0.15776323933602623,0.1443154153003029,0.07802076450075127,0.43893389222008833,0.4267147120450206,0.1546923181633156,0.43055970043289443,0.1674925052616653,0.32233767811059144
